playlist_name,playlist_id,total_tracks
Today's Top Hits,37i9dQZF1DXcBWIGoYBM5M,50
RapCaviar,37i9dQZF1DX0XUsuxWHRQd,50
Hot Country,37i9dQZF1DX1lVhptIYRda,54
¡Viva Latino!,37i9dQZF1DX10zKzsJ2jva,50
New Music Friday,37i9dQZF1DX4JAvHpjipBk,100
mint,37i9dQZF1DX4dyzvuaRJ0n,65
Are & Be,37i9dQZF1DX4SBhb3fqCJd,42
Rock Classics,37i9dQZF1DWXRqgorJj26U,145
Peaceful Piano,37i9dQZF1DX4sWSpwq3LiO,284
Rock This,37i9dQZF1DXcF6B6QPhFDv,50
New Music Friday,37i9dQZF1DWXJfnUiYjUKT,99
just hits,37i9dQZF1DXcRXFNfZr7Tp,77
All Out 00s,37i9dQZF1DX4o1oenSJRJd,100
All Out 90s,37i9dQZF1DXbTxeAdrVG2l,100
All Out 80s,37i9dQZF1DX4UtSsGT1Sbe,105
All Out 70s,37i9dQZF1DWTJ7xPn4vNaz,100
All Out 60s,37i9dQZF1DXaKIA8E7WcJj,100
All Out 50s,37i9dQZF1DWSV3Tk4GO2fq,100
Soft Pop Hits,37i9dQZF1DWTwnEm1IYyoj,234
Signed XOXO,37i9dQZF1DX2A29LI7xHn1,100
Most Necessary,37i9dQZF1DX2RxBh64BHjQ,100
Gold School,37i9dQZF1DWVA1Gq4XHa6U,50
Get Turnt,37i9dQZF1DWY4xHQp97fN6,100
B.A.E.,37i9dQZF1DWX3387IZmjNa,50
African Heat,37i9dQZF1DWYkaDif7Ztbp,68
Mind Right,37i9dQZF1DX5hR0J49CmXC,50
Dancehall Official,37i9dQZF1DXan38dNVDdl4,77
Cali Fire,37i9dQZF1DWSvKsRPPnv5o,50
Power Workout,37i9dQZF1DWUVpAXiEPK8P,50
The Realest Down South,37i9dQZF1DX0Tkc6ltcBfU,100
State of Mind,37i9dQZF1DX1YPTAhwehsC,49
Alternative Hip Hop,37i9dQZF1DWTggY0yqBxES,50
Workout Twerkout,37i9dQZF1DX0HRj9P7NxeE,50
We Everywhere,37i9dQZF1DWT6SJaitNDax,100
Black History Salute,37i9dQZF1DX2r0FByV5U4C,21
Behind The Lyrics: Hip Hop,37i9dQZF1DXaKctwWdt4be,50
New Noise,37i9dQZF1DWT2jS7NwYPVI,140
The New Alt,37i9dQZF1DX82GYcclJ3Ug,120
Rock Solid,37i9dQZF1DX49jUV2NfGku,80
Rock This: Best of 2017,37i9dQZF1DX1Jg9KZ76Rr9,100
Rock Party,37i9dQZF1DX8FwnYE6PRvL,50
You & Me,37i9dQZF1DX6mvEU1S6INL,101
It's ALT Good!,37i9dQZF1DX2SK4ytI2KAZ,100
The Scene,37i9dQZF1DWZkHEX2YHpDV,80
Rock Hard,37i9dQZF1DWWJOmJ7nRx0C,100
This Is Ryan Adams,37i9dQZF1DXdXKIWnpyigm,57
This Is The Black Keys,37i9dQZF1DX2rBR3X9E86S,50
This Is Tom Petty,37i9dQZF1DWUlZhYdX0uqM,58
This Is Nirvana,37i9dQZF1DX82CY3GzF2m6,45
This Is Ramones,37i9dQZF1DWWc7UGhP4Mpw,34
This Is Green Day,37i9dQZF1DWVPJN9etkrEa,50
This Is Metallica,37i9dQZF1DXbj9Ksq4BAdj,70
This Is Jane's Addiction,37i9dQZF1DXcGV9sg8bMdx,66
This Is Oasis,37i9dQZF1DWXupFIUw7TOC,51
This Is KISS,37i9dQZF1DX5L9gRaHajqj,60
Dirty Rock,37i9dQZF1DWY6vTWIdZ54A,132
One More Rep,37i9dQZF1DX5OUjSS1OMgV,100
90s Rock Anthems,37i9dQZF1DX1rVvRgjX59F,152
Soak Up the Sun,37i9dQZF1DX6ALfRKlHn1t,124
License To Chill,37i9dQZF1DXa9xHlDa5fc6,142
Rockin' Vibes,37i9dQZF1DX2aneNMeYHQ8,111
Rock Ballads,37i9dQZF1DWXs1L3AC0Xio,75
Totally Alt,37i9dQZF1DXa6YOhGMjjgx,150
Nu Metal Generation,37i9dQZF1DXcfZ6moR6J0G,60
Alternative Beats,37i9dQZF1DWXMg4uP5o3dm,105
Rock Covers,37i9dQZF1DX2S9rTKTX6JP,70
Shoegaze Classics,37i9dQZF1DX6ujZpAN0v9r,128
Rock Me UP!,37i9dQZF1DX0wiundViT27,96
All Things Post,37i9dQZF1DX9Mqxt6NLTDY,100
Emo Forever,37i9dQZF1DX9wa6XirBPv8,80
Classic Hardcore,37i9dQZF1DXaGNG7NmtmZv,50
Ultimate Rock Gaming,37i9dQZF1DWZjmJmeiazwd,150
New Boots,37i9dQZF1DX8S0uQvJ4gaa,72
Wild Country,37i9dQZF1DX5mB2C8gBeUM,67
Country Gold,37i9dQZF1DWYnwbYQ5HnZU,61
Texas Music Now,37i9dQZF1DX3Ee0ngF5ZVQ,51
Country Coffeehouse,37i9dQZF1DWYiR2Uqcon0X,79
Breakout Country,37i9dQZF1DWW7RgkOJG32Y,60
Country Kind of Love,37i9dQZF1DX8WMG8VPSOJC,50
Country Nights,37i9dQZF1DWXi7h4mmmkzD,105
Chillin' on a Dirt Road,37i9dQZF1DWTkxQvqMy4WW,80
Country by the Grace of God,37i9dQZF1DWU2LcZVHsTdv,75
This Is: Merle Haggard,37i9dQZF1DWU1xHgjMaSpW,85
This Is:  Johnny Cash,37i9dQZF1DX1kw8OX1mNoI,76
From Beginning To End:  Johnny Cash,64FJj5HaUHR6KrKSsU8KPx,151
90's Country,37i9dQZF1DWVpjAJGB70vU,64
New Traditions: Country Heroes,37i9dQZF1DX24Kh15JFQJ0,67
Southern Rock 101,37i9dQZF1DXbDjX0hus3Iu,106
Field Party,37i9dQZF1DXc0fQ4sGOnVJ,54
Classic Honky Tonk,0NfjMqrzcGKVsbYZmhf4Md,50
Country Rocks,37i9dQZF1DWWH0izG4erma,67
The Newness,37i9dQZF1DWUzFXarNiofw,50
Channel X,37i9dQZF1DX4y8h9WqDPAE,50
Gold Edition,37i9dQZF1DWXnexX7CktaI,40
Alternative R&B,37i9dQZF1DWSfMe9z89s9B,100
Chilled R&B,37i9dQZF1DX2UgsUIg75Vg,50
The Sweet Suite,37i9dQZF1DX2Ma8k80RiMN,40
Soul Revived,37i9dQZF1DWY12BqhkMFW2,50
Soul Lounge,37i9dQZF1DX62Nfha2yFhL,50
'90s Baby Makers,37i9dQZF1DWVEvzGeX3eRs,47
Wine & Dine,37i9dQZF1DWTJNOeepZTGy,51
Spread the Gospel,37i9dQZF1DX7OIddoQVdRt,40
Funk Outta Here,37i9dQZF1DX70TzPK5buVf,80
I Love My '90s R&B,37i9dQZF1DX6VDO8a6cQME,45
’80s Jam Session,37i9dQZF1DX0H8hDpv38Ju,40
I Love My '00s R&B,37i9dQZF1DWYmmr74INQlb,40
Queen,37i9dQZF1DWSIO2QWRavWZ,25
The Rhythm,37i9dQZF1DWSRMdeGCgprt,23
Dance Rising,37i9dQZF1DX8tZsk68tuDw,160
Pop Remix,37i9dQZF1DXcZDD7cfEKhW,50
Dance Hits,37i9dQZF1DX0BcQWzuB7ZO,100
Housewerk,37i9dQZF1DXa8NOEUWPn9W,212
Friday Cratediggers,37i9dQZF1DXa41CMuUARjl,199
Bass Arcade,37i9dQZF1DX0hvSv9Rf41p,90
Brain Food,37i9dQZF1DWXLeA8Omikj7,200
Lowkey Tech,37i9dQZF1DX0r3x8OtiwEM,60
Chill Tracks,37i9dQZF1DX6VdMW310YC7,303
Dance Classics,37i9dQZF1DX8a1tdzq5tbM,120
mint Acoustic,37i9dQZF1DX5GiUwx1edLZ,100
Creamy,37i9dQZF1DXdgz8ZB7c2CP,235
Dance Party,37i9dQZF1DXaXB8fQg7xif,100
Deep House Relax,37i9dQZF1DX2TRYkJECvfC,200
Power Hour,37i9dQZF1DX32NsLKyzScr,225
Emotron,37i9dQZF1DWTfrr8pte1rT,70
Hardstyle Bangers,37i9dQZF1DX0pH2SQMRXnC,200
Happy Beats,37i9dQZF1DWSf2RDTDayIx,101
Hype,37i9dQZF1DX4eRPd9frC1m,179
metropolis,37i9dQZF1DX8CopunbDxgW,300
Nasty Bits,37i9dQZF1DX2VvACCrgjrt,303
Night Rider,37i9dQZF1DX6GJXiuZRisr,379
Orgánica,37i9dQZF1DX2pprEpa9URZ,60
Rage Beats,37i9dQZF1DX3ND264N08pv,100
Groove Theory,37i9dQZF1DX1tW4VlEfDSS,99
Shuffle Syndrome,37i9dQZF1DWUq3wF0JVtEy,300
Stepping Out,37i9dQZF1DWYzMfRQj22Nd,300
Trance Mission,37i9dQZF1DX91oIci4su1D,200
Trap Mojito,37i9dQZF1DX1OIMC8iDi74,160
UK House Music,37i9dQZF1DWSrVdvTl1tVY,68
Heart Beats,37i9dQZF1DWSRc3WJklgBs,230
Dubstep Don,37i9dQZF1DX5Q27plkaOQ3,86
Slushii Guest List,37i9dQZF1DX3FNkD0kDpDV,50
Haitian Heat,37i9dQZF1DX3XjJqhm9fqD,90
This Is Alesso,37i9dQZF1DX7nGw3hwYw03,41
This Is Alok,37i9dQZF1DWZUWZIwpqsT3,46
This Is Axwell Λ Ingrosso,37i9dQZF1DWW3gTjSx5Dc7,22
This Is David Mancuso,37i9dQZF1DWY1XXKzcWtF3,205
This Is deadmau5,37i9dQZF1DX87JE1B72J6C,53
This Is Martin Garrix,37i9dQZF1DX94qaYRnkufr,70
This Is Nicky Romero,37i9dQZF1DZ06evO3j5vfW,50
This Is Tchaikovsky,37i9dQZF1DX2kvBlhyEkb6,60
This Is Richard Strauss,37i9dQZF1DX37CqNpZIOOZ,58
This Is Bartók,37i9dQZF1DX5ZPNS2aXuN4,60
This Is Prokofiev,37i9dQZF1DX1tT8vLysk8r,60
This Is: John Williams,37i9dQZF1DWSQeR9oTmnyj,58
This Is: Pavarotti,37i9dQZF1DX5M3XSYkKZCl,50
This Is Brahms,37i9dQZF1DXaQQM8OxjxoC,59
This Is Wagner,37i9dQZF1DX6Hln2awUHXX,60
This Is Satie,37i9dQZF1DWVTUSNpU0pKJ,60
This Is Ravel,37i9dQZF1DWZhMbcax6CUd,69
This Is Philip Glass,37i9dQZF1DX30FdZ6jR5Gl,47
This Is Vivaldi,37i9dQZF1DWTBNkoD4HmYd,60
This Is Liszt,37i9dQZF1DX93wmY669mVj,60
This Is Debussy,37i9dQZF1DWXnRw5VvmZDb,61
This Is Schubert,37i9dQZF1DWY3VlkBR4Jhb,60
This Is: Glenn Gould,37i9dQZF1DWSL7w3snV7Gw,50
This Is: London Symphony Orchestra,37i9dQZF1DX9l01QzlK1Yo,50
This Is Haydn,37i9dQZF1DX16wERbfwQvR,60
This Is Beethoven,37i9dQZF1DX12YIlzNkccL,84
This Is Mozart,37i9dQZF1DX8qqIDAkKiQg,61
This Is Handel,37i9dQZF1DX9ZP5oobcNgA,60
This Is Bach,37i9dQZF1DWZnzwzLBft6A,66
This Is: Verdi,37i9dQZF1DX0FIO61wizta,60
This Is Puccini,37i9dQZF1DWXN6CDDJDZSt,68
This Is Rossini,37i9dQZF1DX0VplLa7NC0a,60
Classical Piazzolla,37i9dQZF1DX8hPJIYGSAc8,50
This Is: Heitor Villa-Lobos,37i9dQZF1DX5jgHoqkhgYj,50
Piano Transcriptions 50: Spotify Picks,37i9dQZF1DX1uiBEEB5wRG,50
Classical New Releases,37i9dQZF1DWV0gynK7G6pD,70
Symphony of the Winds,37i9dQZF1DWUfMnnPBigKP,50
All About That Brass,37i9dQZF1DWXMEbgClM8hw,50
Winter Classical,37i9dQZF1DX0ynPp7KaiSY,50
Spring Classical,37i9dQZF1DWZm0IlR3JPVY,51
Spotify Orchestra: Violin,37i9dQZF1DX7TvcXU5TLWg,100
Spotify Orchestra: Viola,37i9dQZF1DWVQTBWd2FvK6,50
Spotify Orchestra: Double Bass,37i9dQZF1DWSPYCQqDPtY7,50
Spotify Orchestra: Cello,37i9dQZF1DWYi4w24l7FTx,50
Classical Halloween,37i9dQZF1DXafCT9DHTijq,41
70 After 70: Creativity & Longevity,37i9dQZF1DXaQeL9mwtfsG,70
30 Before 20: Masterworks by Teenagers,37i9dQZF1DX72wg2crHeWu,30
Women of Soundtracks,37i9dQZF1DXcj60FvXn3Et,49
Composer Weekly: Michael Nyman,37i9dQZF1DX21bRPJuEN7r,30
Top Classical of 2017,37i9dQZF1DXcN1fAVSf7CR,100
Classical X,37i9dQZF1DX7dzHXrANAir,69
Early Classical,37i9dQZF1DXbaZdHeCwl9C,50
Top Latin Classical,37i9dQZF1DXajUXy2f1Dsi,50
Orchestra 100: Spotify Picks,37i9dQZF1DXddGd6mP5X2a,100
Space-themed Classical Music,37i9dQZF1DX0i61tT0OnnK,77
Opera 100: Spotify Picks,37i9dQZF1DWVfS4Cdd3PNf,100
Piano 100: Spotify Picks,37i9dQZF1DXah8e1pvF5oE,101
Gentle Classical: From Dusk till Dawn,37i9dQZF1DX7cBprxbt1Fn,102
Songs To Test Headphones With,37i9dQZF1DWZtZ8vUCzche,150
This Is Schumann,37i9dQZF1DX1W7If2h64K3,60
This Is John Prine,37i9dQZF1DWWYlokKRoQoC,91
Nicholas Sparks | Songs from the Soundtracks,1scnlLVq91NGtsA9sh0hfw,53
Out Now: Unlike Any Other,37i9dQZF1DX3LyU0mhfqgP,79
Pride Classics,37i9dQZF1DX59HcpGmPXYR,61
Alternative Pride,37i9dQZF1DWTMR78LDoAZC,94
Best of Broadway,37i9dQZF1DWX82ahbDuQIz,50
"Work It, Own It",37i9dQZF1DXbmCTvLQy5AO,55
Fierce,37i9dQZF1DWZZCoBbLu26P,61
Queer As Folk,37i9dQZF1DX5TMFhaZc9ov,83
Club Resistance,37i9dQZF1DWTLrNDPW5co2,53
Disco Fever,37i9dQZF1DX2GKumqRIZ7g,50
Tegan and Sara: Pride,37i9dQZF1DWZTHlwqNeZ4l,27
Perfume Genius: Pride,37i9dQZF1DWXQvLdd1rRKX,29
Adam Lambert: Pride,37i9dQZF1DX6WKkjNUHy2F,26
This Is: Troye Sivan,37i9dQZF1DXaEC8MQ0kjtY,43
Rufus Wainwright: Pride,37i9dQZF1DX5xCgFwl423z,30
Kathy Griffin #PressPlayForPride,37i9dQZF1DXajWk2WkW4sa,23
Betty Who: Pride,37i9dQZF1DX3V9xyjs9Om5,20
Little Mix: Pride,37i9dQZF1DX7wHseZmxqFF,27
MNEK: Pride,37i9dQZF1DWTWaD7ByJaBc,23
Years & Years: Pride,37i9dQZF1DX4yLn8TpmS3h,26
Shura #PressPlayForPride,37i9dQZF1DX6RDaNNfUPt3,26
Conchita: Pride,37i9dQZF1DX8SiEKUUEVVi,29
This Is The Beatles,37i9dQZF1DXdLtD0qszB1w,90
The Long and Winding Road,37i9dQZF1DWYHkSks5rujC,50
All You Need Is Love,37i9dQZF1DX5k1GSjYBi0z,50
Lucy In The Sky With Diamonds,37i9dQZF1DWZreqadA03A8,51
Here Comes The Sun,37i9dQZF1DXdwF9DytRe8w,50
Twist and Shout,37i9dQZF1DXcHV6YH5zTsV,50
This Is George Harrison,37i9dQZF1DWVDVRzaLYm4M,48
This Is: Paul McCartney,37i9dQZF1DX2PB4Qx11qXU,77
This Is: Ringo Starr,37i9dQZF1DWULtPSrLama7,32
This is: Sir George Martin,37i9dQZF1DX5CrSNP0mzoZ,57
Disney Favorites,37i9dQZF1DWVs8I62NcHks,69
This Is The Doors,37i9dQZF1DX95gx8SY6DLX,50
This Is AC/DC,37i9dQZF1DXec50AjHrNTq,48
This Is Adele,37i9dQZF1DWZUozJiHy44Y,25
This Is Al Green,37i9dQZF1DWZMCPjHG57gq,26
This Is alt-J,37i9dQZF1DWXMmak2OV7PN,27
This Is Aretha Franklin,37i9dQZF1DX6bJVMtDYJHx,51
This Is blink-182,37i9dQZF1DX4EKARgqYPFZ,50
This Is Bruno Mars,37i9dQZF1DX177vQ7mVRmP,42
This is: Carole King,37i9dQZF1DX6GiJlVeD6Ou,46
This is Deep Purple,37i9dQZF1DX5WtNRbfbuUo,49
This Is Depeche Mode,37i9dQZF1DX3BSwupE5hR7,51
This Is: Dispatch,37i9dQZF1DWVRrLXgTbWFy,40
This Is Ed Sheeran,37i9dQZF1DWWxPM4nWdhyI,49
This Is Future,37i9dQZF1DWVstK6FYh8Nw,50
This Is: George Michael,37i9dQZF1DXcIVSTUG9zAG,47
This Is: Gillian Welch,37i9dQZF1DWUifRttnt99X,49
This Is James Arthur,37i9dQZF1DX3Csy1LFxjkI,39
This is: Jamiroquai,37i9dQZF1DX9OTdoPfdJpF,50
This Is John Mayer,37i9dQZF1DWYrlaUEYy4Vg,63
This Is John Legend,37i9dQZF1DX8DxW4iib3Eq,57
This Is Justin Bieber,37i9dQZF1DXc2aPBXGmXrt,50
This Is Lady Gaga,37i9dQZF1DXc7FZ2VBjaeT,54
This Is LANY,37i9dQZF1DX1xlmTNXq2Qg,46
This Is Laura Marling,37i9dQZF1DX3Hdbt1R3mYP,46
This Is Miranda Lambert,37i9dQZF1DWULYh276RumE,63
This Is Muse,37i9dQZF1DWTG97QsiXgEX,50
This Is Neil Young,37i9dQZF1DWT6VDwxLyl0W,50
This Is Nina Simone,37i9dQZF1DX8OYzU0lx5hL,50
This Is New Edition,37i9dQZF1DWThFkopzOaNW,46
This Is One Direction,37i9dQZF1DX6p4TJxzMRDe,50
This Is OneRepublic,37i9dQZF1DXbZBKpgxsyXU,39
This Is Raffi,37i9dQZF1DX4dWEvmDfGoP,52
This Is Prince,37i9dQZF1DX6JzJ8vAK836,73
This Is: Rag'n'Bone Man,37i9dQZF1DWXqcBHh7a68E,32
This Is Soundgarden,37i9dQZF1DX024QaIPhrkq,50
This Is: Status Quo,37i9dQZF1DX1zj9CzXszqD,38
This Is Stevie Wonder,37i9dQZF1DWWYIyS8LLUDj,50
This Is The Beach Boys,37i9dQZF1DXaZan2kzvaVc,50
This Is The Rolling Stones,37i9dQZF1DX5COO9vTaRpO,51
This Is The Weeknd,37i9dQZF1DX6bnzK9KPvrz,61
This Is Thomas Rhett,37i9dQZF1DXctzlWgrxNLn,83
This Is: Trey Songz,37i9dQZF1DX5xFQkXoZxdM,53
This Is Bob Dylan,37i9dQZF1DX8f6VxHEcGCN,84
This Is Bonobo,37i9dQZF1DWZais6SIaMts,45
This Is Britney Spears,37i9dQZF1DWXcA2XXbXQ3d,45
This is Bruce Springsteen,37i9dQZF1DX9qkL85stcHs,66
This is: Cher,37i9dQZF1DX3w9f3pg1Dyc,37
This Is Chuck Berry,37i9dQZF1DX0LonJ1uN97e,57
This Is Daft Punk,37i9dQZF1DWZAkrucRF6Gq,29
This Is Eagles,37i9dQZF1DX9AUVnnnNUND,46
"This Is Earth, Wind & Fire",37i9dQZF1DX3yvjXSVJwJV,24
This Is Elton John,37i9dQZF1DX7VulteLVOkq,47
This is: Emeli Sandé,37i9dQZF1DXdRITMyVwc9y,38
This Is Gorillaz,37i9dQZF1DWSxQLa5KoDYW,50
This Is Drake,37i9dQZF1DX7QOv5kjbU68,78
This is Jerry Garcia,37i9dQZF1DX8N0xov3IdrH,60
This Is Joni Mitchell,37i9dQZF1DX94esvuBEVw6,60
This Is Little Mix,37i9dQZF1DWY24WaVcCqqH,57
This Is London Grammar,37i9dQZF1DX7FLzW9rNIxr,27
This Is Lou Reed,37i9dQZF1DXdVelxaccCqL,50
This Is: Max Martin,37i9dQZF1DWXDAhqlN7e6W,44
This is: Maxwell,37i9dQZF1DWTqZKf590Jo5,23
This Is Margo Price,37i9dQZF1DX5P58TnuVGha,25
This Is Nick Cave,37i9dQZF1DWYEHBVWXZn8H,63
This Is Nickelback,37i9dQZF1DX6JuPU62sIoU,33
This Is Radiohead,37i9dQZF1DX1XDyq5cTk95,67
This Is: R.E.M.,37i9dQZF1DWSNpCo0vJUOm,59
This Is Rihanna,37i9dQZF1DWWhBhYl3ZMvY,37
This is Roxette,37i9dQZF1DX8IAL5KfmFJA,50
This Is Sampha,37i9dQZF1DX86aPVQf2emM,35
This Is: Skepta,37i9dQZF1DX5WbJFtYTzv7,62
This Is Spice Girls,37i9dQZF1DWWUJdr9ahsbf,43
This is Sting,37i9dQZF1DX8yMCqd4JdaS,50
This Is Take That,37i9dQZF1DX5joH2aOAS4r,44
This Is Stormzy,37i9dQZF1DX9AFOBBZSMWw,64
This Is Tina Turner,37i9dQZF1DX4UK2Qu9x6KC,41
This Is Tony Bennett,37i9dQZF1DX4c84KflUhSt,50
This Is Trentemøller,37i9dQZF1DX4cEqBpR9k1C,35
This Is U2,37i9dQZF1DX8kI525v95Yu,56
This Is Van Morrison,37i9dQZF1DWUHyTgDVMaG1,55
This Is Volbeat,37i9dQZF1DWYrXu9rm1zUZ,38
This is: Wiley,37i9dQZF1DXbW9wx2hgf03,47
This Is The Fall,37i9dQZF1DX7mMRxgkst0Y,62
Best of John Peel Sessions,37i9dQZF1DWY3pbjsJ6MxA,60
This Is The xx,37i9dQZF1DWSp9aN7lDNHp,30
This Is: David Axelrod,37i9dQZF1DX4n3DaGTtM0p,23
Classical Romance,37i9dQZF1DX4s3V2rTswzO,97
Baroque 50: Spotify Picks,37i9dQZF1DWXjj6kdiviS0,50
This Is John Coltrane,37i9dQZF1DWVx3vT1QCKCV,39
1960s Nostalgia,2NFOUmp2wyR5CrXtKDkUkB,67
Breakup Blues,1o2bTwofazfzElA5mXGf2t,44
I Hate My Job.,6cdV0hVW2suJaMOxzwE46S,38
Instrumental Rock,2uhsnHgI4F2eFyvoMHY0GR,42
Avant Folk,2uVP1agvV5rba3MqLQ0pzy,45
This Is Miles Davis,37i9dQZF1DX3BqHI5fuXWV,87
Office Offensive,37i9dQZF1DXdEXmWwCHnI5,27
Unsolicited Advice,37i9dQZF1DX8NZFqAdV1lo,26
The Perfect Crafternoon,0BbcjurkvWrkWxKKLzcqIP,70
Jazz – Classical Crossings,37i9dQZF1DX2mmt7R81K2b,55
Comedy Top Tracks,37i9dQZF1DWSRoT7QRAibZ,102
20 Questions,37i9dQZF1DX4b3CsyjLN6p,20
The Funny Thing About Football Is...,37i9dQZF1DWWsTBFM3ksVb,34
Women of Comedy,37i9dQZF1DX9O8pzsnCkf6,146
A Monty Python Emporium,37i9dQZF1DXb85CZUwGLzX,436
Music Jokes,37i9dQZF1DXdWZwKY7xcB3,71
Power Ballads,44XJR1i3Vl2B3acOEYwinE,79
Sad Indie,37i9dQZF1DWVV27DiNWxkR,90
Energy + Positivity,2YeGkAUQhmO8TCjSMbFYWf,22
Desi Hits,37i9dQZF1DWTwzVdyRpXm1,75
Namaste,0op6xwVK9pVhcxozSQPEsJ,93
Rustic Romance Wedding,2Ph68VcwRfqRdnrKhY3oPS,63
Word of Mouth,2VxQy0Q22k1gP542tzaMCN,58
Folksy Covers,37i9dQZF1DXcDxnC0UqHJa,155
Indie Strings,0sDO43KAaJUWIYassTKWYf,39
Vinyasa Flow,2B64RN7KJte5x6iXgg02tv,20
Acoustic Commute,3OUguxmuL5x24sMAw4qPku,57
Folk Pop,37i9dQZF1DWXJyjYpHunCf,110
Femme Fatale,37i9dQZF1DX0IyMQV27EGn,70
Chill + Atmospheric,37i9dQZF1DX79Y9Kr2M2tM,111
Indie Folk for Focus,37i9dQZF1DWU6Vfrf87eTG,116
Summertime Vibes,5v2J2noHVxPWgSrOw6lZsp,157
Classic Covers,37i9dQZF1DWTVIaV4KJYuq,71
More Banjo!,1W2XJETQjFYdzT4GuhBHmS,37
Stomp & Holler,37i9dQZF1DX8gLrc0tlHvS,70
Soft + Slow,37i9dQZF1DX0611i4oGheJ,75
50 Irish Folk Songs,37i9dQZF1DX7Y2xcY13mN1,50
Bluegrass Covers,37i9dQZF1DX56crgoe4TG3,98
Bluegrass Origins,37i9dQZF1DX0RwLEp3x6W4,53
Chill as Folk,43rSnXFDoctqiZxvEqH14P,56
Boho + Chill,37i9dQZF1DWSNmwgf7Nv11,150
Vintage Vibes,37i9dQZF1DX6dvuioZhoLo,75
Indie Bluegrass,37i9dQZF1DX0yL7UvjSKZT,73
Fresh Folk,37i9dQZF1DXaUDcU6KDCj4,112
The New Bohemian,1IKDP8o4UvpfLh0SJX2e1b,81
Irish Folk: Jigs & Reels,37i9dQZF1DX9HwI3Crikcm,79
Blues Roots,37i9dQZF1DXcFk5r8uS3l2,90
SongCraft,37i9dQZF1DX4cukhkYKVZW,52
Sweetgrass,44Ht3IACEyKqiLBZupIhIk,29
The New Retro,37i9dQZF1DWV5vqkTng2MA,155
Chill Covers,37i9dQZF1DWXnscMH24yOc,167
The Piano Bar,37i9dQZF1DWVvXA824aCbn,142
Cinematic Chillout,37i9dQZF1DWVFJtzvDHN4L,53
Ultimate Covers,37i9dQZF1DXe5Q8muTQked,80
Epic Classical,37i9dQZF1DX9G9wwzwWL2k,106
Classic Acoustic,37i9dQZF1DX504r1DvyvxG,80
Jukebox Joint,37i9dQZF1DXbvE0SE0Cczh,53
Modern Eclectic,37i9dQZF1DX28npkgy2RE4,100
Southern Gothic,37i9dQZF1DX58NJL8iVBGW,128
Boozy Brunch,37i9dQZF1DX9pryhDLql25,75
The Pulse of Americana,37i9dQZF1DX3Fzl4v4w9Zp,166
Lush + Ethereal,37i9dQZF1DWZ0OzPeadl0h,96
Intense Studying,37i9dQZF1DX8NTLI2TtZa6,209
Infinite Acoustic,37i9dQZF1DX6z20IXmBjWI,198
Acoustic Love,37i9dQZF1DWSlwBojgQEcN,100
Evening Acoustic,37i9dQZF1DXcWBRiUaG3o5,113
#ThrowbackThursday,37i9dQZF1DWWwaxRea1LWS,50
Happy Folk,37i9dQZF1DWSkMjlBZAZ07,117
Run Wild,37i9dQZF1DX35oM5SPECmN,75
Autumn Acoustic,37i9dQZF1DWUNIrSzKgQbP,75
Sweet Winter Songs,62Tpw0jhT8kxF3KPbGciTk,104
Classical Essentials,37i9dQZF1DWWEJlAGA9gs0,172
Infinite Indie Folk,37i9dQZF1DX2taNm7KfjOX,387
Deep Dark Indie,37i9dQZF1DWTtTyjgd08yp,87
Creativity Boost,37i9dQZF1DX56qfiUZBncF,86
90s Acoustic,37i9dQZF1DXb9LIXaj5WhL,75
Morning Acoustic,37i9dQZF1DXdd3gw5QVjt9,75
Acoustic Covers,37i9dQZF1DWXmlLSKkfdAk,130
Acoustic Cafe International,37i9dQZF1DX571ttkrxAeN,78
Disco Beats,0pHFNRP8qkYhal0q0Irp6D,53
A Poem a Day,37i9dQZF1DXaVtcC7N0WMw,29
Rock & Roots,7pD7pMFxcq8agMXqLQCggM,55
Interstate Drive Songs,0XDRWlx2B1C1OXlaLlld8t,26
Low Key Revelry,67uEKAhAdvMJvumeC8ZgjB,26
Top Male Artists of 2017: USA,37i9dQZF1DX2SAJ4GmhZC1,25
Top Female Artists of 2016 - USA,37i9dQZF1DWWoCDtOBjhpE,20
Spotify Singles: Covers,37i9dQZF1DWZqyWCBK6QTt,150
Best of 2016: Folk & Americana,0fmNiEOXSfBfurQwf4gG5L,94
Best of 2016:  Hot Country,7g3zHOim2XylTlM7Oittr8,50
Guest List: Orb,2O0Nf9Mi5tM17PM7Ns6Fgu,38
Fangirls Run the World,37i9dQZF1DXboQCHLEaHcr,20
Black Lives Matter,37i9dQZF1DWWAqc46ZJdZf,40
SXSW: HipHopUpNext,37i9dQZF1DX5PuwKY2VZBZ,25
Women of Experimental,37i9dQZF1DWY7uXxMycXfq,48
We Shall Overcome,37i9dQZF1DXbWHkfjljXoE,41
Artists Den + Spotify,1HdxEroWca3L8JR3lvnolH,16
Women in Music | Stories & Songs,1zriHsmiRJmTThtQk8UWPk,142
0110,1Bl4B5jBEJwNiFRJFMPSMa,22
BRILLIANTMINDS2016,57clV3IPw1TXSWdzzDVDwp,18
Friends Rewind,37i9dQZF1DXaDBLy2g5eIl,54
Blues & Roots Rock,37i9dQZF1DWSKpvyAAcaNZ,143
Irish Folk - Ballads,37i9dQZF1DX2ULa1Ss8vbo,50
4th of July Party,37i9dQZF1DX4nYqGKSH0ld,65
Incoming,79sVcfxVNazjyK2iBY9l3q,17
90s Boy Bands,37i9dQZF1DX17dmzi8A5FV,36
Chill Hits,37i9dQZF1DX4WYpdgoIcn6,130
Soft Rock,37i9dQZF1DX6xOPeSOGone,100
One Love,37i9dQZF1DWSiyIBdVQrkk,110
We Run The World-Cup!,37i9dQZF1DX69V4bEzoa8F,26
AMY,3QAT1vJA7CAIHIRP9Gkyqj,53
Follow Your Bliss,2wqwH7uKckoLe7UVTx1RfO,78
Ballads Forever,37i9dQZF1DXd4hrw8K7Pxm,51
Calming Acoustic,37i9dQZF1DXaImRpG7HXqp,141
70s & 80s Acoustic,37i9dQZF1DX0JKUIfwQSJh,60
Rest & Relaxation,1uIp2WHCf6ODHxHRPmjWG5,36
One Perfect Day,6jUFiT3D8f4Rt9n6UnC1aB,79
Backporch Blues,37i9dQZF1DXdNHhNNm0G0B,42
DayDreamer,37i9dQZF1DXdbkmlag2h7b,85
Wild + Free,37i9dQZF1DX5Q5wA1hY6bS,90
Dreamcatcher,37i9dQZF1DXb6LkIGouseT,30
Tropical Nights,37i9dQZF1DX0ES2mnOVvai,28
Nightstorms,37i9dQZF1DX4aYNO8X5RpR,59
Gentle Rains,37i9dQZF1DX2mFmJUZg4Mp,88
Get Happy!,4Buj61XKuhfVLsW8rPX8YQ,105
Lazy Afternoon,6QAwHYtCdTdrgX6wh1iE9H,39
Acoustic Hits,37i9dQZF1DX4VvfRBFClxm,100
The Bridge,4qq3MCSLrDgYx7RfJBDvij,28
Spring Garden,6YMK6nqc1jS11fGraCU1o2,21
Under the Stars,37i9dQZF1DWTRnup1IgL4a,38
Nightly Meditations,4MLFX9OXy9ncfBlTfei9Ok,34
(Descent) A Beginning,71WgbCkbVXGzAltJTAT6lD,23
Calm Vibes,37i9dQZF1DX1s9knjP51Oa,234
Pink Noise,37i9dQZF1DWZhzMp90Opmn,32
Ocean Escapes,37i9dQZF1DX9if5QDLdzCa,117
Sleep Noise,37i9dQZF1DWSW4ppn40bal,86
Birds in the Forest,37i9dQZF1DWVEt8B7a1H1M,42
The Yule Log,37i9dQZF1DX7Mv4BQ3Z4nC,32
Covered in Country,0jJQDST7bzwAYlN19tFLXw,21
Hawaiian Dreams,37i9dQZF1DX5FuBDzVtEFX,32
Traffic Jams,0mY9BQvlpraYLzg9BfKuVa,72
Backyard BBQ,37i9dQZF1DX030FFx0YCXp,126
#JazzAppreciationMonth,2nb7lCySvvf7PNxHUD5oun,40
Motivation Montage,2f4rXblveCedKdU2adFgC8,46
Sugar & Spice,7MsOqrEv1TxiHPDiYlWVLx,24
Soul Soothers,3TymQFosH9UgfP5jV5mPEe,21
Winding Roads,1JuraqRjLX4CmhyvvuXiPF,25
Carpool Karaoke,0NaXa68Xyo4wmMiun5Lqgm,0
Songbirds,5JXV7ioEqB9ZA1b1RjSLVg,25
Into the Woods,3fqSEmStIKS8s3mCCRQFid,22
Feeling Acoustically Good,37i9dQZF1DWXRvPx3nttRN,110
Women of Hip-Hop,37i9dQZF1DX5l9rcXWdrth,50
Women of Jazz,37i9dQZF1DX5OepaGriAIm,100
Women of Indie,37i9dQZF1DX91UQmVbQYyN,104
Women of Country,37i9dQZF1DX49poIUZYXp7,67
Women of Folk,37i9dQZF1DWSIcimvN18p3,200
Women of R&B,37i9dQZF1DX1wNY9tfWQsS,70
Latin Divas,37i9dQZF1DX5AVYhCeISA6,75
Women of Rock,37i9dQZF1DXd0ZFXhY0CRF,102
The Piano Lounge,37i9dQZF1DWVUSF6gmaR8i,40
Bluegrass Byways,2EjRsHG8m4bGCrhCoJ1ykn,19
The Scenic Route,6pn7MZpvAxlKPzspzMR6T6,28
Folk Rock Faves,37i9dQZF1DXat5j4Lk8UEj,115
Piano Ballads,37i9dQZF1DWVIzZt2GAU4X,75
Cinematic Indie Folk,37i9dQZF1DWZyQUsU1vj4x,91
Tokyo Super Hits!,37i9dQZF1DXafb0IuPwJyF,50
群星報喜：屬雞歌手,37i9dQZF1DX654l3fFiq56,20
This Is: EXO,37i9dQZF1DX5JcPJgYjGcf,82
This Is Madonna,37i9dQZF1DWTQllLRMgY9S,59
This Is Maroon 5,37i9dQZF1DX7KWRIlkUpsl,50
This Is: BIGBANG,37i9dQZF1DWVw3oyaj4jsN,50
This Is: Bryan Adams,37i9dQZF1DWXRAIdXzR5R1,50
Haunting Vocals,37i9dQZF1DX6QDedCAYqRI,60
Chillin' by the Pool,37i9dQZF1DWYD2pxgooM7y,51
Indie Shuffle,37i9dQZF1DWVbu3wLXA48X,87
K-Pop Daebak,37i9dQZF1DX9tPFwDMOaN1,50
Korean OSTs,37i9dQZF1DX2ohL85TE8TI,108
K-Hip-Hop +82,37i9dQZF1DWW46Vfs1oltB,100
K-Ballads: Fall for Autumn,37i9dQZF1DX71SU2C3nX8z,65
K-Pop Acoustics,37i9dQZF1DX1wdZM1FEz79,52
Fantastic K-Workout,37i9dQZF1DX3ZeFHRhhi7Y,50
Morning K-Pop!,37i9dQZF1DX1uG5byNIgDA,50
In The K-Indie,37i9dQZF1DXdTb8AG95jne,50
Hallyu Boy Bands,37i9dQZF1DX1gjl24GAQC0,50
K-Pop Commute,37i9dQZF1DX3sCx6B9EAOr,50
Women of K-Pop,37i9dQZF1DX6Cy4Vr7Hu2y,64
2019 MAMA,37i9dQZF1DX4OyEPaWHBdk,22
Workday K-Pop,37i9dQZF1DX5eq3AONkaho,200
Nolja!,37i9dQZF1DXdR77H5Z8MIM,70
K-Power Vocals,37i9dQZF1DX8eqay1FtdMm,58
Sing Along K-Pop,37i9dQZF1DWXaehqeJpkro,53
Satang Mix,37i9dQZF1DWTTHy0vndijk,57
Tropical K-Pop,37i9dQZF1DX1lU51fgoMhF,70
K-Pop X-Overs,37i9dQZF1DX4IDaXtVjL83,51
Fresh Finds,37i9dQZF1DWWjGdmeTyeJ6,55
Fresh Finds: Basement,37i9dQZF1DX6bBjHfdRnza,89
Fresh Finds: Experimental,37i9dQZF1DX8C585qnMYHP,50
Fresh Finds: Pop,37i9dQZF1DX3u9TSHqpdJC,164
Fresh Finds: Hip Hop,37i9dQZF1DWW4igXXl2Qkp,149
Fresh Finds: Rock,37i9dQZF1DX78toxP7mOaJ,100
Women of Fresh Finds,37i9dQZF1DXao0JEaClQq9,99
Lush Lofi,37i9dQZF1DXc8kgYqQLMfH,114
Jazz Vibes,37i9dQZF1DX0SM0LYsmbMT,292
Lo-Fi House,37i9dQZF1DXbXD9pMSZomS,60
Genre Glitch,37i9dQZF1DWUraJYejk11q,100
Badass Women,37i9dQZF1DX2I7Ykltk83m,80
Electronic Avant-Garde,37i9dQZF1DX5YyEO1dtgbR,50
Footwork/Juke,37i9dQZF1DX3nNRJvSufrk,71
Silk Sheets,37i9dQZF1DWVGy1YP1ojM5,51
This Is: Xavier Omär,37i9dQZF1DX7W9NinHzoYY,27
Gold Instrumental Beats,37i9dQZF1DX0dU0Z2LOkZN,49
Chill Instrumental Beats,37i9dQZF1DWYoYGBbGKurt,206
Trap Instrumental Beats,37i9dQZF1DWZqUHC2tviPw,47
We Dem Girlz,3g2dsbLbtpOz0Gpo4W50QK,23
1960,2PE0DbAlT8ZFiiYaCsCm4Q,50
1961,7EhO7YjjFdrNRtTHcRrnnQ,50
1962,7GSt7smvMMAiOFmPJ17jEf,50
1963,6c1DPPuq4eNKcS2usgij9m,50
1964,2XFhZrcFAFFvBLjRQrw9wI,50
1965,48GGszBLm7kS5D1xJuMnxD,50
1966,41YL3HcXd3zTXa1rMZY5uR,50
1967,3nT5EK7WTRbRZ5vtWg5irD,50
1968,0sbkEFgqbA3Jjot2lbqsyx,50
1969,1xZ87c95aRIeyvqVoKCtdM,50
1970,09D0CKBRWkBBoPn46V6YTO,50
1971,5xAfItDaeAViBRNdSuQ7ZG,50
1972,1DcArrb34m9SS3o8O2dATX,49
1973,5WUFWhGRVpi4ED9QpK2hOF,50
1974,78UTV8Gw5bHpyWc65qR4Px,50
1975,67FrRIrS2v0WAs8yE2JTUM,50
1976,3axv4DMbWHWf7uxOPB1I7K,50
1977,2cIkPMesqdx5VV6IAvX9bE,50
1978,05dTMGk8MjnpQg3bKuoXcc,51
1979,2xtEcvpPTus59Ppa0fv3xP,50
1980,4j0G7LOHRpKYDDXa8lxUik,50
1981,5Co3nToduGTXXF1ra9gXB3,50
1982,722UH6DU3oigTYKBnfBZSy,50
1983,2wHQqJDXcWgQ4GLdVCfb8G,50
1984,0FXAO6yBxrfz5PTOEuvq67,50
1985,5p5jgESe4r75R70Rzvqpcy,50
1986,3GM3OMvut5VuRht0dr8GJX,50
1987,6sKz6mI28U6Dcj7a8WpRnQ,50
1989,1ASJaLRG6NhOpwc8vGYceZ,50
1990,0COE1X7FirWRdfOgls1JJV,50
1991,6ATJMRUakF2bhZcPBYjnD5,50
1992,62NfPhRvacdmSAsNghaRs5,50
1993,33sPgLhtkMgQLWMgdHRQma,50
1994,27hnSuEcFg6wr5C5t3J5eL,50
1996,1FDK3hDHMSyzjC1IpdIOU3,50
1997,4nftZhTZDARHbC2oX5l2Vw,50
1999,1WkrD0MvdN3BcLa4DXBRCQ,50
2000,0JvFNpF6sn3LeV5LXbbSxv,50
2001,5TUU1rXz87AipJYg92AXFg,50
2002,665gwFk3RaSHbgiimtgok0,50
2003,2I7h7Mj5bGlqhI4PyupTPF,50
2004,1XbPuTCA2KsqAOn9PJploZ,50
2006,1Gn0PYtF7VmfuZD0Gb91fN,50
2007,0KIKHBXChX4m2MVm8qQk6N,50
2008,3jibtPWLDXBK0OCJN6Ztsf,50
2009,1fLy5EE5473UueC82LvQub,50
2010,2eCpwX876ZuWtIsZweYMnr,50
2011,0BXZJ6BiA151CzaMcTKPMN,50
2012,7z2Wo5a21ENb24YGcEdoTE,50
Dear Mama,3D8eZBmcXjAjFzUjYtrl6f,29
Top 100 tracks of 2014 - Sweden,23sHdrU9wnUTqYjHZQ101O,100
Joe Cocker,2rdMSQHM9YryNLPnEbQ7g6,47
New Music Friday Sweden,37i9dQZF1DXcecv7ESbOPu,100
Happy Birthday Cheryl!,7qLIVhpCFAiX1Teqf3L6Y4,30
June 2,5PzDJIsyNnFxgu0t6Lf41G,40
May 20,7IwNlM5pdX8XWPyhMRhq64,56
Grazia Daily: Summer 2013,2UwTnYkh7zZjMY6NEQdP95,40
LSP,6cSrBkF4TPHetlU033IopA,197
Vogue Travel: The Sound of the Upper East Side,61T3llVc7dJDCZf1SR72c0,28
POST,1OhJNFdK6FhLToiHmx7abI,42
Disclosure's Spotify Playlist,1npVCZGxmhbfhAyeDEqhwA,22
The Roots of... Mumford & Sons,78Afk1ZdGIAwEG8s3hq49D,28
June 10,1pARmsw0z4yebhBtZKxAU0,71
HAIM,5hINCaYWvVwzzLmhh4y11x,7
101_FTB,6llXb59kkj2STIMBcDobJT,37
Grazia Daily: The Best of Primavera,2ns4wV7T6X3vlCnzxYwagu,15
braids,4fFfXVLYv59XIfPdUvMqKC,27
XFM JUNE 26,31agQ1yW51tGsDIFZbAZMl,7
The Beach Boys: The Real Best Of...,1omLAKnMAhhkMSe2IGisUZ,10
boys cast,0kfqBZx9obUKiLVDwTqGly,58
Happy Birthday George!,2G5Wlqt6clkHH2KFK2LS5Q,24
Remembering 2Pac,6vpXSVefNo73POjhwyiWmu,42
The Hot Sounds of 1926,3rMnCpY0WEROlje2b8Bjdn,69
Happy Birthday Kanye!,45Cyxm3R3Gpn2upYrjcPbc,66
Mollie King ,0dVRyMERU2g9M4tWEfaD5B,0
Happy Birthday Sir Tom!,5Ir6gs0eXKyPj3Qin8uEun,20
Happy Birthday Prince!,44uPoVqT6tOn5AphWVnSvu,46
Happy Birthday Joe Cocker,66uSq0mmMKat8vPRxsbmhp,10
Happy Birthday Mollie!,4njfFyb4EgzewhH9kTQuwN,17
"Congratulations, Sofia and Daniel",2vfyCK7WsXnVeItNwuiFFR,30
Welcome Baby Kimye!,5zpAWvvDe0Q8TXjrgInIke,24
The Roots of... Vampire Weekend,52FOMIrumGaNXnwKfrlAVf,29
PF,6kDXxWpyGJ2f7nQWQwOMBA,166
Happy Birthday Nicole!,1dB0DjEsx9Gy0VG7Hmyc7Q,27
JIRMP,6r0dNjQD0WUHKs1gpMvpLk,29
Happy Birthday Sir Paul!,3npIV1kNBTG2NHwBfv4t5H,31
"Happy Birthday, Lionel",13WGZTkVyBhWCD2z7wSwe7,35
Global Music Day,2EsohEQHsGn1LWNgOxnuoI,61
Dub Zone,0qNxhUDMiSLrSdTCYD87qn,23
Hats The Way I Like It: Ascot 2013,2hirOuzhv3EK3AgEV2nKZn,15
Pink Floyd: Start Here,4SJ51ZOUgnrv5GjY1GCZAL,10
RIP James Gandolfini,3l6cfhKgkSNxYydKiD9o4G,36
Mountain Session,6LY1QKuuZv6rtPKsHJSsnF,46
Spotify Sessions,0tkdz9yYluhlxVE9BuJOPm,397
Great Love Ballads,1YGlW3ovCv9Vek4CPnV0mZ,41
Only Lovers Left Alive - Playlist by Jim Jarmusch and Carter Logan of SQÜRL,0YX4v2yeHtc1Dz43CYfZub,11
Global Top 50,37i9dQZEVXbMDoHDwVN2tF,50
Roots of Change,37i9dQZF1DXbvfORzIlDQm,43
Pop Punk's Not Dead,37i9dQZF1DX1ewVhAJ17m4,100
CAZZETTE – Eject pt. I,1kPmmFOfrsEk7KzW46uo8m,6
US Exclusives,3kNL4k3rmfGRfx577lL715,13
Nelson Mandela Tribute,7iUOaMP7iKI22rBNflBwjX,0
Spotify Global Discoveries,0aArwHugPhiiuaL8KxyVXQ,105
Spotify Global Hits,4nInziu6O7lNV0ucn8w7YV,147
New Singles on Spotify,5JOn3LSfpbCrOQ7azB4S6C,80
Top Dads on Spotify,5lMXuhAFbG0xiAw0XiYKAP,10
Top Misquoted Song Lyrics,4nGMejqlEJh82huRHZ19cE,10
Keep On Pushing: A Labour Playlist,6WHZXvb7hEN5w9VMFWPm1x,42
Top Tracks in Kids,5BQyCxfPfCno0PuTqkZUgb,25
Top Tracks in Popculture,6dvI9YLz5JyXhoUo0eQJze,55
Top Tracks in Travel,2Hg4Q2t6mD8PITWKAQCMFD,25
Top Tracks in Workout,7s0efM9c1ZS427tw2B6wEF,25
Spotify House Thursday,6NjugpbMNtXAtbv3NIbb3j,20
Walter - Dangerous,53yqWl4VM0iD34tl27ABhY,30
Skyler - Strong,08ySLuUm0jMf7lJmFwqRMu,30
Hank - Gutsy,2nRUp0P50ClCxPibGSfFcL,30
Jesse - Street Smart,10zBfLMB5ty2Pec5LYRcgI,27
Marie - Sassy,423y0vzm6cfn0Q1o3JBUDR,29
Walt Jr. - Innocent,7dRuhLsXe96SgjYtPvMEcL,28
This Is Iron Maiden,37i9dQZF1DXagb3XZSnOQ8,62
New Metal Tracks,37i9dQZF1DX5J7FIl4q56G,88
Adrenaline Workout,37i9dQZF1DXe6bgV3TmZOL,80
Black & Dark Metal,37i9dQZF1DXbl9rMxGEmRC,122
Deathcore,37i9dQZF1DX1cJWWyylDuw,70
Got Djent?,37i9dQZF1DX6GRSnGELn7L,119
Instrumental Madness,37i9dQZF1DWUk47CLxI4Uo,70
Heavy Metal,37i9dQZF1DX9qNs32fujYe,95
Kickass Metal,37i9dQZF1DWTcqUzwhNmKv,60
New Core,37i9dQZF1DWXIcbzpLauPS,101
Heavy Queens,37i9dQZF1DWXDJDWnzE39E,105
Metal Essentials,37i9dQZF1DWWOaP4H0w5b0,78
The oTHERS,37i9dQZF1DWY5ai7gxfuaS,80
Metallica: The Early Years,056jpfChuMP5D1NMMaDXRR,30
Epic & Melodic,37i9dQZF1DX37bXS7EGI3f,93
New Wave Of British Heavy Metal,7yza99mVQaqnk4Hqs4T3kq,30
Death Metal & Beyond,37i9dQZF1DWT9SRKhOEUYj,129
Old School Metal,37i9dQZF1DX2LTcinqsO68,80
Progressive Metal,37i9dQZF1DX5wgKYQVRARv,70
Stoner Rock,37i9dQZF1DXdpVGstUksUC,100
Thrashers,37i9dQZF1DWZdFtcHGe8ED,90
Thrash Metal Essentials,37i9dQZF1DXbyrUWMp2Tkr,57
Metal Empire,37i9dQZF1DX4jCqmsDQR1i,112
Year in Metal 2014,7buHbubC96caOTOSQQJ4pl,116
Year In Metal 2015,37i9dQZF1DXdzj8PwvwjTT,118
Year in Metal 2016,37i9dQZF1DX0FNUL0tXob1,128
Best of 2016: Metal,37i9dQZF1DX3HkeE0Yyy1n,121
Animal Stories,37i9dQZF1DXb9DmOVVVkdh,42
Fairy Tales,37i9dQZF1DX0gxuYiQFvQL,17
Lullaby Baby,37i9dQZF1DXbADqT0j1Cxt,165
Family Folk,37i9dQZF1DX3uZHsihe90o,70
Hip-Hopscotch & Reggae Recess,37i9dQZF1DWX16Q183eyvd,47
Your Daily Routine,37i9dQZF1DWWVwtV5Pv39d,56
Once Upon A Time,37i9dQZF1DX6ALixlKf7N8,43
Trick or Treat,37i9dQZF1DX6IZDpJNxVZP,33
We Love Elmo!,2KSySxa7iudjK0IsgFxuaW,15
Father's Day Love,37i9dQZF1DWXakVTmpoTAP,35
Taiwan Top 50,37i9dQZEVXbMnZEatlMSiu,50
Turkey Top 50,37i9dQZEVXbIVYVBNw9D5K,50
Lost the Game? Drown Your Sorrows,5sFZ3M4gXeYScR9VJTyBh2,23
Best of Folk & Americana 2019,37i9dQZF1DWYdLqwKCcDiy,50
Wish I Could Stay,37i9dQZF1DXcbAIldMQMIs,25
R&Breakfast,37i9dQZF1DX9ub6ukaleAf,25
Funky Oats,37i9dQZF1DXafoUo6CVNQy,25
Modern Chill Rock,37i9dQZF1DX2UXfvEIZvDK,50
Grunge Forever,37i9dQZF1DX11ghcIxjcjE,50
Punk Rock Workout,37i9dQZF1DX0BZrbvIqxCd,75
Rock Your Body,37i9dQZF1DXbFRZSqP41al,50
Pure Pop Punk,37i9dQZF1DXasneILDRM7B,50
Sunrise Run,37i9dQZF1DXcq57wSefud5,25
This Is Paul Simon,37i9dQZF1DWXEb535ZGeRC,42
California Rock State,37i9dQZF1DWTlgzqHpWg4m,73
Anti Pop,37i9dQZF1DWWqNV5cS50j6,164
Clout Culture,37i9dQZF1DWVk7x1ClrO0Y,50
Indie Sunshine,37i9dQZF1DWUWC0NIJDJKL,67
Singled Out,37i9dQZF1DX8f6LHxMjnzD,30
Wild Cards: Winter Mix,37i9dQZF1DX0FgqHNUrZu9,54
Lorem,37i9dQZF1DXdwmD5Q7Gxah,138
Mega Hit Mix,37i9dQZF1DXbYM3nMM0oPk,75
Pop Rising,37i9dQZF1DWUa8ZRTfalHk,88
Hot Rhythmic,37i9dQZF1DWYs83FtTMQFw,50
Mood Booster,37i9dQZF1DX3rxVfibe1L0,78
Hit Rewind,37i9dQZF1DX0s5kDXi1oC5,75
Daily Lift,37i9dQZF1DWU13kKnk03AP,100
Chill Pop,37i9dQZF1DX0MLFaUdXnjA,104
Fresh & Chill,37i9dQZF1DX5CdVP4rz81C,70
soda,37i9dQZF1DXaK0O81Xtkis,77
Teen Party,37i9dQZF1DX1N5uK98ms5p,78
Down In The Dumps,37i9dQZF1DWSqBruwoIXkA,97
Study Break,37i9dQZF1DX1dvMSwf27JO,75
Hip-Hop Yoga,37i9dQZF1DX4FJyIpen2Yf,50
Make Out Jams,37i9dQZF1DXbEm2sKzgoJ8,60
Austin Pops,15wD5DzfOIRx7QnJKDLtav,62
This Is Frank Sinatra,37i9dQZF1DX4H3NUOwVLXj,50
This Is A$AP Mob,37i9dQZF1DWXmxXDRgAKVq,43
This Is Kendrick Lamar,37i9dQZF1DX5EkyRFIV92g,39
Austin After Dark,50l7KMPuO1jMnpofYHCwV1,41
Spring Loaded,37i9dQZF1DWTLlRxFAxbpj,42
This Is Biffy Clyro,37i9dQZF1DX7yNDQ30MDO6,50
This Is The Chainsmokers,37i9dQZF1DX46HBMApdlID,48
This Is Deftones,37i9dQZF1DX6zPl1mbTZSq,50
This Is Incubus,37i9dQZF1DWUYsleI0H271,50
This Is Red Hot Chili Peppers,37i9dQZF1DXbuvTm9NMIGt,50
This Is Silverchair,37i9dQZF1DX9DuoVJ0dR3g,50
This Is Sum 41,37i9dQZF1DX4gScoXV8KpV,50
Pop Rock Party Time,37i9dQZF1DXcvLz8zARcib,33
70s Rock Anthems,37i9dQZF1DWWwzidNQX6jx,80
60s Rock Anthems,37i9dQZF1DWWzBc3TOlaAV,101
Classic Oldies,37i9dQZF1DX56bqlsMxJYR,100
Yacht Rock,37i9dQZF1DXb3m918yXHxA,170
80s Rock Anthems,37i9dQZF1DX1spT6G94GFC,80
Dinner Unplugged,37i9dQZF1DWYQEbc2LcIWO,25
Fierce Femmes,37i9dQZF1DX5kjCvsC5isB,110
Rocktail Hour,37i9dQZF1DX8V6C5Nr1MvC,88
Punkcake,2Ky26QAfAYo2Zdlo8MqcdH,20
Cardio,37i9dQZF1DWSJHnPb1f0X3,100
Workout,37i9dQZF1DX70RN3TfWWJh,100
Contemporary Blend,37i9dQZF1DWViBxWcYEI1b,75
Standards de la Chanson Française,37i9dQZF1DWTypZHlgEy1G,60
This Is New Found Glory,37i9dQZF1DX6sa8XjvdJIf,54
This Is Rush,37i9dQZF1DX9E92APFiTvV,50
This Is Michael Bublé,37i9dQZF1DX5kVmFQxhnLW,50
This Is Leonard Cohen,37i9dQZF1DWVpFvorxSZ6K,50
This Is NOFX,37i9dQZF1DX6KE9M7aTCxK,50
Punk Unleashed,37i9dQZF1DXdJa941ExayM,85
Classic Punk,37i9dQZF1DX3LDIBRoaCDQ,50
Pop Punk Powerhouses,37i9dQZF1DXa9wYJr1oMFq,50
Skatepark Punks,37i9dQZF1DX3MU5XUozve7,100
The Essential Ska,37i9dQZF1DX7WJ4yDmRK8R,100
New Punk Tracks,37i9dQZF1DX0KpeLFwA3tO,100
Crash Course,37i9dQZF1DX3YlUroplxjF,100
Punk Essentials,37i9dQZF1DXd6tJtr4qeot,50
Political Punks,37i9dQZF1DX1zG0qRnyaQ3,50
Hot Rods & Horror Shows,37i9dQZF1DXb2cYklA89lm,50
Covered In Punk,37i9dQZF1DXaDzsRodF91I,50
Punk Unplugged,37i9dQZF1DXcBkxDaAQX0a,75
Garage Rock Revival,37i9dQZF1DXbMYUPb05hjJ,90
Is it New Wave?,37i9dQZF1DX3Gj7nguS95W,50
Wanderlust,6Hyc4LOiiaeFdDXQAVa1R6,56
Film & TV Favorites,37i9dQZF1DWZC2yew0xGiz,28
Art of Fugue,37i9dQZF1DWWcdoD971JiK,38
Ballet and Beyond,37i9dQZF1DXabrEiRjQMgs,50
Single. + Loving it.,37i9dQZF1DX2i24iHGhL24,41
The Life Eclectic,35HteeTTB5NE0hsliZ77H1,63
Evening Serenades,2zlFpwRI7aroWy0ecv6O34,181
Flex & Flow,2idQpnxeioGlOsW66uaQ3U,23
Workday – Zen,1oDFttzXiLUJLjMyulUugY,75
Keep it Low Key,26AgqJwDHB7p2SKJFHrtte,27
Acoustic Hits: Oldies but Goodies,37i9dQZF1DWUH2AzNQzWua,50
Classical Café,0Tn4EK4iKI58XnvWHuMMm0,59
Classical Guitar 50: Spotify Picks,37i9dQZF1DWXBq4mDDFnfA,50
The Grove,5H22bACwDGRsIQQyE9oy3I,25
Fresh Jazz | The New Vanguard,1Htq6RhM8B9MgMXdwqgPxW,45
Get Lifted,6jbGdICAmvGjlURC1gcgRe,30
Soft Focus,37i9dQZF1DXc6Umi4GHdr1,51
Good Times: Great Oldies,37i9dQZF1DXa19sXUAHiO1,59
Jazz on the Rocks,6juf9A1KL8naPZFa2YngsM,25
#SundayFunday,5cdRxEiQmawJaraYYEF7Di,53
#FlashbackFriday,2dWfCGZguakRQagX7wM6Mi,50
Amped up.,0kVaFpvoi0O4IbyJyEZckU,182
The New Standards,5ahhg3aywppGeJs8tXvZOo,25
Up & Out,2udwObkzQEPQWbUi95SzGM,22
Acoustic Grit,37i9dQZF1DXaiAJKcabR16,60
Take it Easy,3vnx7BaCl3YmHrg3WGLedp,95
Nordic Folk,37i9dQZF1DX4jUyNIMkj6N,89
Britfolk,5XyoROE7WrTHtvcwFrhzO1,15
Morning Rituals,7iJKTAmd5aP1opVYLB3XJ4,51
#MakeitHappen,5sty33UvgJZzeyfocoOaUV,30
Singing in the Shower...,5LtwydYUv9Um4D2toY3Wzh,41
The Wilds,37i9dQZF1DWUDoJcM4v6Tm,118
Vintage Blues Folk,6zcjhNUkQ6taQK9hxhweCj,48
Indie Ballads,0aXP5u51kHZiKvxkUPq0IL,57
Barista Blend,25zEHXJzEQZU1eyF6eqEzD,65
Relax & Unwind,37i9dQZF1DWU0ScTcjJBdj,100
Songs to Sing in the Car,37i9dQZF1DWWMOmoXKqHTD,100
Front Porch,37i9dQZF1DXa2PsvJSPnPf,85
Americana Icons,37i9dQZF1DX7tfbjVrTPnV,160
Swagger,37i9dQZF1DWSlw12ofHcMM,104
Bring Back the 2000s,5baU2nNxC8ag8XzlHNsANg,75
World Folk,0ByLkBLDx1AS5yXJuBTyCd,36
Alone on Christmas,37i9dQZF1DXbgPVq1ydgmS,28
"Creepy, Stupid, Love",37i9dQZF1DWWTA1Ie7iu8r,56
Doo-Wop Dee Doo,37i9dQZF1DX9GxQjEBVviW,30
Happy Days,37i9dQZF1DX84kJlLdo9vT,50
Indie One Stop,6OeIIMFsdtsL9VUyL6PDvX,50
Your Favorite Coffeehouse,37i9dQZF1DX6ziVCJnEm59,111
Valentine's Day Love,37i9dQZF1DX4pAtJteyweQ,103
Beat Down Your Morning,4qstWgP2KMRSiTY3a1fF2R,22
Pumping Iron,37i9dQZF1DWZYWNM3NfvzJ,100
Legendary,37i9dQZF1DWWGFQLoP9qlv,70
Wicked Wives Wine Party ,2EcSH9oZNzBmGDNqoTdvBJ,53
The Perfect Italian Dinner,37i9dQZF1DWT1R6bXL4dyW,44
Acid Blues,37i9dQZF1DX5NXVhu59GCz,40
Summer Heat,37i9dQZF1DWX1UA045EoPG,50
Prog Rock Monsters,37i9dQZF1DX0uqkwkR49kK,100
Fusion Fest,37i9dQZF1DX0aSJooo0zWR,55
#Hotmess,2Rah43YvyO765e4gACIDef,24
Chill as Folk,37i9dQZF1DWVl5gPCRkquk,100
Roots Revival,37i9dQZF1DX9crXQ0wuuXE,100
Ultimate Live Jams,5bjjHyKeiGnYdupfr3UUCW,43
Short Stories,37i9dQZF1DWXmUJqjFaQNQ,65
Audiobooks,37i9dQZF1DX1L0MDB1OhZy,122
Editor's Choice: Nonfiction,37i9dQZF1DX3sMl692aSSY,59
Editor's Choice: Fiction,37i9dQZF1DX4jokLVYoXC3,94
Margaret Walker,37i9dQZF1DX1pKjqvkDHkD,52
Poems for Spring,37i9dQZF1DX451eXIMllLB,33
A Hipster's Guide to Poetry,37i9dQZF1DX1DnmMwIpYQk,30
A Child's Garden of Verses,37i9dQZF1DX1C9bnJXVI4K,41
La poésie française,37i9dQZF1DX7ufqCXkhnSb,46
Emily Dickinson,37i9dQZF1DWSZQ5nlFnjFF,150
Love Poems,37i9dQZF1DXe8ssiX0naPV,36
Shakespeare: The Poetry,37i9dQZF1DWX5a9hO78SUQ,162
The Selected W. B. Yeats,37i9dQZF1DWZFQPyPt2dUz,42
The Robert Frost Reading Room,37i9dQZF1DX3OlXSlU6epG,64
Readings from Dylan Thomas,37i9dQZF1DWSTOUZR8UoNY,102
This Is Langston Hughes,37i9dQZF1DX7R9e00hBCQT,57
The Romantics,37i9dQZF1DWZDPloxGJ3JZ,100
Poetry: In Their Own Voices,37i9dQZF1DWWfysDOTP12D,82
The Beats,37i9dQZF1DXaUR9QvMCPsb,211
Sylvia Plath,37i9dQZF1DX2G2VrXHSPQG,41
Edna St. Vincent Millay,37i9dQZF1DWU73wUKShGqj,18
Modern Poetry,37i9dQZF1DX26cFbtLr0Wn,170
The Victorians,37i9dQZF1DWZxkZk4wnQ5T,289
Action & Adventure,37i9dQZF1DXaIjTCDpbgLL,71
The Adventures of Sherlock Holmes,37i9dQZF1DWY3FN0WeKCeB,163
The Brontës,37i9dQZF1DX8uVDy7wwKj9,139
Charles Dickens' Classics,37i9dQZF1DX3pCvCNjYFEt,67
The Selected D. H. Lawrence,37i9dQZF1DXdOlMB0hApiu,84
The Essential Edgar Allan Poe,37i9dQZF1DWVezbGpUvpz7,66
French Literature,37i9dQZF1DWWhtNzColB0d,40
Blake’s 7: The Audio Series,37i9dQZF1DWTKyGuxpLg8Z,106
The H. P. Lovecraft Compendium,37i9dQZF1DX7QXVqVJ8y93,63
Irish Lit,37i9dQZF1DWV1duDvis8iF,235
Jane Austen,37i9dQZF1DWWC5ySVGqQA1,127
La littérature française,37i9dQZF1DX8pbyATDkUwW,95
Vintage Radio Dramas,37i9dQZF1DWZ8QVh1ew4PD,30
Mythologies,37i9dQZF1DWVMdJ6HSmTWs,88
Radio Crime Dramas,37i9dQZF1DXddisSfoYY5n,28
Russian Lit,37i9dQZF1DXd6ydjpSDa3z,65
Scary Stories,37i9dQZF1DX0RGhgSIsFBm,140
Science Fiction,37i9dQZF1DWVeoTQF8RBFh,197
Sci-Fi Radio Dramas,37i9dQZF1DXb0DT3bG5Uc1,42
Shakespeare: The Comedies,37i9dQZF1DX7ZEwRWHSfUr,50
Shakespeare: The Histories,37i9dQZF1DXbozqSbDnSno,87
Shakespeare: The Tragedies,37i9dQZF1DX5lw1wrxWyPu,215
Stories for your Inner Child,5TQKebIP2y3YGxoklr72aV,56
Women's Lit,37i9dQZF1DX5nERjWj1zmg,39
Learn Spanish,37i9dQZF1DXc6li3e9oatQ,459
How to Write...,37i9dQZF1DX0IquWoRS2Rk,103
The Lectures of Joseph Campbell,37i9dQZF1DXameWHxm60IU,592
Music Lessons with Pete Seeger,37i9dQZF1DX1uHtdQ6c5H9,65
Yoga Acoustics,37i9dQZF1DWUPAFOWtSz6P,50
Beyond the Music,01WIu4Rst0xeZnTunWxUL7,65
Classical Music Explained: Bernstein's Music Lectures & More,37i9dQZF1DXbuvjwsGcSq1,396
Irish Studies,37i9dQZF1DX3HTCmWbhewZ,121
Learn Swedish,37i9dQZF1DX1QCg8MO15wF,85
Learn French,37i9dQZF1DWTJSgpZmw7H2,472
Learn German,37i9dQZF1DWVrSKB2Pc3PY,409
Learn Irish,37i9dQZF1DWW6K9D6JN1rY,71
Learn Italian,37i9dQZF1DX0yHwYvqyUJQ,608
Learn Portuguese,37i9dQZF1DX2SgxzTVd6bU,53
Learn Chinese,37i9dQZF1DX60lVXkfYly8,263
Learn Russian,37i9dQZF1DWSsCx004HXRd,174
Top Arabic Hits - Yalla يلا,37i9dQZF1DX5cO1uP1XC1g,100
A Noam Chomsky Chronology,37i9dQZF1DX8d1cgbQqKFy,410
Fright Fest,37i9dQZF1DX6dCTsdzLHOw,28
Contemporary Christmas,37i9dQZF1DWWTuLtC3XxmA,130
Acoustic Christmas,37i9dQZF1DX2uk5oHRWimT,122
Christmas Stories,37i9dQZF1DWVzrEOEOM5Qu,36
Home for the Holidays,37i9dQZF1DWUFmx4qlvh2f,67
FriendsGiving,7a80QjnKAMnZu5Lx50INeh,35
Give Thanks,37i9dQZF1DX6afkUGYYDyK,60
Coping With Loss,37i9dQZF1DWVxpHBekDUXK,50
Noir,37i9dQZF1DX9LT7r8qPxfa,100
Next Classical,37i9dQZF1DX6Oqe1LC2A2s,50
Medieval 50: Spotify Picks,37i9dQZF1DWYZW76Iw4Lij,50
Modernism 50: Spotify Picks,37i9dQZF1DX8ONeLSIu0Ai,50
Avant-garde 50: Spotify Picks,37i9dQZF1DX6lFrpdIb4I8,50
Electroacoustic 50: Spotify Picks,37i9dQZF1DX8GBmCO89g8U,50
Classical Feast,37i9dQZF1DX1FuwERxHNIM,42
Classical Intimate Dinner,37i9dQZF1DX5kUFcXez8kt,33
Indie Classical: Composed In 21st Century,37i9dQZF1DXcbK8HZQNxAq,50
Women of Classical,37i9dQZF1DX5hL1aT2vhMb,67
Minimalism,37i9dQZF1DX10uaP8FoDNe,51
Contemporary Chinese Classical,37i9dQZF1DX5AviTMPF0km,28
This Is Chopin,37i9dQZF1DWV7cvDzE3MOI,63
Bellini's Opera,1M2abQkxCwrLjzLGgKWnDP,500
Peaceful Choral,37i9dQZF1DWSXyN2w7ILMl,50
Essence of the Renaissance,37i9dQZF1DX0CM2xT3aAkN,50
Romantic Era 50: Spotify Picks,37i9dQZF1DX8qDhzfjyTN6,50
Psych & Groove,37i9dQZF1DX2FJ4E5eMYdk,60
Nature Noise,37i9dQZF1DWUKPeBypcpcP,59
The Sleep Machine: Waterscapes,37i9dQZF1DWXzR2GKEiHgT,125
White Noise,37i9dQZF1DWUZ5bk6qqDSy,86
Crossroad Blues,37i9dQZF1DX5AuRugisweW,56
"Red, White, & Blue",3kt5kS8Xqjfh8olOS24HX4,35
Oscars®,37i9dQZF1DX2cW2nLJVrZg,30
50 Songs for Snow,4sEKPcBYLcW3woDviiaigj,50
Happy St. Patrick's Day,37i9dQZF1DWSCaDvxADWZT,90
It's a Boy!,3KP0xIq8NrTP7BV2YhpHT5,23
The GRAMMYs Official Playlist,37i9dQZF1DX5FyxM4IcLn6,230
It's a Girl!,52rJQYDn9Q5dufvGPqqzgf,25
Graduation,5pxi1UkDk0BbUPDTPjmi4v,40
Rock Your Rights,37i9dQZF1DX9aVADS5TZr5,55
Music Happens Here: The Music,4se8FxjaBGTHCTXIPoJlc0,23
Ultimate Indie,37i9dQZF1DX2Nc3B70tvx0,102
Best of 2016: Ultimate Indie,1517hhPIVwA9EN41krpZo3,50
SXSW Best Indie,37i9dQZF1DX6CwQbybVjjk,59
This Is Bon Iver,37i9dQZF1DXaSQZr9c1SpZ,42
This Is: Dirty Projectors,37i9dQZF1DX7FW3TjTduV4,23
This Is The Flaming Lips,37i9dQZF1DX79Q60SopbIW,49
This Is Father John Misty,37i9dQZF1DX3Y4Bt8VdicW,27
This Is Arcade Fire,37i9dQZF1DX1rUeB7HjgUL,30
This Is The Shins,37i9dQZF1DWZyp9KgPL31Y,28
This Is LCD Soundsystem,37i9dQZF1DX4jsulumEbDn,23
This Is Portugal. The Man,37i9dQZF1DWUbOQi4OiTx4,37
This Is Elliott Smith,37i9dQZF1DWZkGQGk1ZjrI,22
This Is Mac DeMarco,37i9dQZF1DXe8E8oqpmTDI,30
2019 Billboard Music Awards,37i9dQZF1DWWGeEU3DbvDJ,110
Best of Spotify (So Far),37i9dQZF1DX4MdGfYdhVoI,24
Tabletop Day,37i9dQZF1DX2WbHvYAWKAq,21
Superman,37i9dQZF1DX7v78LmsIZOJ,20
Batman,37i9dQZF1DX1H7tkX0qqtF,20
Ultimate Performances,37i9dQZF1DWY58YgA8d6HG,40
This Is: Animal Collective,37i9dQZF1DX76V4s7Zffmt,29
This Is Beyoncé,37i9dQZF1DX2oU49YwtXI2,52
This Is Coldplay,37i9dQZF1DXaQm3ZVg9Z2X,47
This Is David Bowie,37i9dQZF1DWTTthpScXd3v,72
EODM Play it Forward Campaign,37i9dQZF1DWWpCjltOl2fU,14
Best of Bond,37i9dQZF1DX0ZzMQgXnSUD,29
MTV VMAs,37i9dQZF1DWXXji4ucB51M,73
Best of Hamilton,37i9dQZF1DX1nsfmnIDVAJ,72
The 2016 AMAs,0tdTsuJmnf6cRE22DMcgIq,35
This Is Sharon Jones,37i9dQZF1DWXIPSKePHmRn,30
Classic Soul With Seth Rogen,6GZ9F4MZpPdHJEwhq3kHKG,41
Soundtracks Épicos,37i9dQZF1DXdEH86O6asrX,55
Movember,37i9dQZF1DX3hyG3DxhDXT,21
Top Gaming Tracks: One Year Together,2FmMinHNFfX3Apt34AwEqc,100
Best of Star Wars,37i9dQZF1DXaUaRhCgtpCo,67
This Is Hans Zimmer,37i9dQZF1DWWF3yivn1m3D,66
Moving Castle Monthly,0NKCe5F0ORuDO4sPmqhvcQ,62
TeamSupreme Selects,4A01B3wh6uv7yOpzYdVLR3,40
Latin Gaming,37i9dQZF1DX43v1NFXUzji,75
Nerding Around,37i9dQZF1DX3YGn6btf5lC,29
Top Gaming Tracks,37i9dQZF1DWTyiBJ6yEqeu,50
Video Game Soundtracks,37i9dQZF1DXdfOcg1fm0VG,85
Soundscapes For Gaming,37i9dQZF1DWXpOtMyVOt4Q,60
Epic Gaming,37i9dQZF1DX8GjsySWIS1x,100
Retro Gaming,37i9dQZF1DWYnY33e7En9e,100
Power Gaming,37i9dQZF1DX6taq20FeuKj,100
Indie Gaming,37i9dQZF1DX4geSlFB9288,193
Hip Hop Controller,37i9dQZF1DWT5MrZnPU1zD,100
Ultimate Pop Gaming,37i9dQZF1DWYRNXjFoiid2,77
Bread & Dub,4drXxn0GpOXXG6Rp5RvXca,25
Nu-Jazz Concentration,37i9dQZF1DWTR6lD3pmkqP,33
The Blues Skies,070FVPBKvfu6M5tf4I9rt2,30
The Blues Kitchen,37i9dQZF1DX9pQ3JDTosFG,29
Ibiza Sunset,37i9dQZF1DX9FIMhEujaK6,50
Carefree Days,37i9dQZF1DWVQLL1sym9rG,30
Confidence Boost,37i9dQZF1DX4fpCWaHOned,70
Happy Drive,37i9dQZF1DX1WSnLRtI26o,200
park hangs,37i9dQZF1DWSP55jZj2ES3,50
Energizing Classics,37i9dQZF1DX3sXSrrk1ytC,48
Good Vibes,37i9dQZF1DWYBO1MoTDhZI,120
Throwback Workout,37i9dQZF1DX8CwbNGNKurt,50
Mellow Morning,37i9dQZF1DWWzVPEmatsUB,70
Mellow Drive,37i9dQZF1DWUACcBjzMiIY,200
Mellow Classics,37i9dQZF1DWTQwRw56TKNc,102
Throwback Jams,37i9dQZF1DX8ky12eWIvcW,93
Warm Fuzzy Feeling,37i9dQZF1DX5IDTimEWoTd,87
Young & Free,37i9dQZF1DXca8AyWK6Y7g,75
Ambient Relaxation,37i9dQZF1DX3Ogo9pFvBkY,311
Productive Morning,37i9dQZF1DX6T5dWVv97mp,67
All The Feels,37i9dQZF1DX7gIoKXt0gmx,78
Get Your Body Right,37i9dQZF1DWWjMxr3sDMnu,22
Killing It,37i9dQZF1DXea2M7iVhM3V,31
Epic Uplifting Sunrise,37i9dQZF1DXdC0T9uTn4EC,20
Essential Indie,37i9dQZF1DX26DKvjp0s9M,80
Wide Awake,37i9dQZF1DWXsTPi6XhWl6,50
Sleepy Morning Coffee,37i9dQZF1DXcgZcN2HVMoe,33
No School!,37i9dQZF1DWTKvj58xnNNG,34
Summer Sunshine,37i9dQZF1DXd0kt8hxcGlr,50
No School No Worries,37i9dQZF1DX1r5OrG7nJwS,51
Deep Focus,37i9dQZF1DWZeKCadgRdKQ,191
Feel-Good Indie Rock,37i9dQZF1DX2sUQwD7tbmL,200
Feelin' Good,37i9dQZF1DX9XIFQuFvzM4,100
Hanging Out and Relaxing,37i9dQZF1DXci7j0DJQgGp,100
Have a Great Day!,37i9dQZF1DX7KNKjOK0o75,102
Underground Hits,37i9dQZF1DX30HHrCAl4ZG,52
Indie Pop,37i9dQZF1DWWEcRhUVtL8n,100
All New Indie,37i9dQZF1DXdbXrPNafg9d,101
undercurrents,37i9dQZF1DX9myttyycIxA,75
Morning Commute,37i9dQZF1DX2MyUCsl25eb,75
Evening Commute,37i9dQZF1DX3bSdu6sAEDF,50
Pop Chillout,37i9dQZF1DXbIGqYf7WDxP,100
Stress Relief,37i9dQZF1DWXe9gFZP0gtP,139
Summer Party,37i9dQZF1DX5Ozry5U6G0d,124
Totally Stress Free,37i9dQZF1DWT7XSlwvR1ar,100
Work From Home,37i9dQZF1DWTLSN7iG21yC,140
Atmospheric Calm,37i9dQZF1DX4TnpT6vw5rE,100
After Party//Come Down,37i9dQZF1DX55vgfGaIdlF,51
Beach Vibes,37i9dQZF1DX83I5je4W4rP,65
Calm Down,37i9dQZF1DX5bjCEbRU4SJ,70
Classical Moments in Movies,37i9dQZF1DX6K3W8KBiALe,72
Deep Sleep,37i9dQZF1DWYcDQ1hSjOpY,223
Happy To Be Home,37i9dQZF1DX4qDBKVkVBgN,62
Indie Chillout,37i9dQZF1DX9B1hu73DioC,100
Indie Workout,37i9dQZF1DXaRL7xbcDl7X,100
Jazz for Sleep,37i9dQZF1DXa1rZf8gLhyz,121
Just Smile,37i9dQZF1DWVu0D7Y8cYcs,42
Stay in Bed,37i9dQZF1DX6tTW0xDxScH,50
Late Night Vibes,37i9dQZF1DXdQvOLqzNHSW,75
Mellow Dinner,37i9dQZF1DX4kJGZhtnOIh,78
Peaceful Indie Ambient,37i9dQZF1DX0x36cwEyOTG,110
Ready for the Day,37i9dQZF1DX6Rl8uES4jYu,80
Timeless Soul Ballads,37i9dQZF1DWY8GmMJbmnsS,33
Spilled Ink,37i9dQZF1DWSTeI2WWFaia,50
Tear Drop,37i9dQZF1DX6xZZEgC9Ubl,100
Reggae Infusions,37i9dQZF1DWSkkUxEhrBdF,53
A Quiet Christmas,37i9dQZF1DWSYI3OtMNMsT,35
No Wahala,37i9dQZF1DXdl8xYyG9Dm1,70
Chill Vibes,37i9dQZF1DX889U0CL85jj,208
Dive Bar Essentials,37i9dQZF1DWXzfvGFNJz6s,71
Heavy Dub,37i9dQZF1DX9udeSemCofA,50
Indie Rock Road Trip,37i9dQZF1DWUoqEG4WY6ce,89
It Only Takes Two,5McngUiuALFIS4VVF4oko5,37
Mellow Beats,37i9dQZF1DX3qCx5yEZkcJ,80
Modern Psychedelia,37i9dQZF1DX8gDIpdqp1XJ,150
Complete Chaos,37i9dQZF1DX1fmyMdW2PaL,100
Ultimate Party Classics,37i9dQZF1DX0IlCGIUGBsA,80
Reggae BBQ,37i9dQZF1DX44AF5xq04Oh,28
Retro Pop,37i9dQZF1DXcTieYAg7jq1,148
Skipping School,37i9dQZF1DWWOGXILUAh53,37
Noisy,37i9dQZF1DX98f0uoU1Pcs,92
Beer & Wings,37i9dQZF1DXauOWFg72pbl,82
Early Alternative,37i9dQZF1DXdTCdwCKzXwo,75
Born in the USA,37i9dQZF1DX09NvEVpeM77,29
Chips and Salsa,37i9dQZF1DWZMxqlsEB7BT,30
Disco Forever,37i9dQZF1DX1MUPbVKMgJE,82
Souvenirs,37i9dQZF1DX8XxBtyUnC7B,50
Nu-Funk,37i9dQZF1DWZgauS5j6pMv,96
Funk Rock,37i9dQZF1DX23YPJntYMnh,60
Guilty Pleasures,37i9dQZF1DX4pUKG1kS0Ac,151
Historic Venue: Ryman Auditorium,2lOMjzyPMlcIvcaWlaF6MB,26
Jock Jams,37i9dQZF1DX4esiqDZ1sjJ,38
Musical Comedy,37i9dQZF1DXdBtoy268thT,49
Musical Therapy,37i9dQZF1DXcCnTAt8CfNe,180
I Love NYC,37i9dQZF1DWXS0qyx76B7l,68
Power Pop,37i9dQZF1DX5W4wuxak2hE,43
Reggae Classics,37i9dQZF1DXbSbnqxMTGx9,60
00s Rock Anthems,37i9dQZF1DX3oM43CtKnRV,50
Rocksteady,37i9dQZF1DXcYHsRTcIw5a,40
Stoner Tracks For Everyone,37i9dQZF1DX1WWRAxBsY0Y,50
Vocal Acrobats,2JskSjr3Rl0LAv05L0hjV4,25
Salut les yéyés,37i9dQZF1DX8OVycSP3AXz,40
Anti-Valentine's Day,37i9dQZF1DX1uusaBwROuk,56
New Years 2020,37i9dQZF1DX1YMPNuWL6BX,60
Halloween Party,37i9dQZF1DX8S9gwdi7dev,49
Happy Holidays,37i9dQZF1DX0HWhBzpBj05,62
Macy's Thanksgiving Day Parade 2013,0TmNZR8QmL60k1gWWa37fg,28
Summer Vibes,37i9dQZF1DWVLVzn60NyuA,100
New Orleans Brass: Festing In Place with Ben Jaffe,37i9dQZF1DXbLsFIeybF20,127
Gameday,37i9dQZF1DXdxTsNp0Bzwq,31
Christian Christmas,37i9dQZF1DWViXqZVTGO3Z,95
The Flow,37i9dQZF1DXc4BD3pzYdKY,60
Blessings,37i9dQZF1DX7Bi6W3YuUlA,41
Top Christian,37i9dQZF1DXcb6CQIjdqKy,80
Austin Sounds,2d96NZvM6U7G14LDQdNfwS,41
Sunset in Austin,1MXbpQ8OiNsYtQxiXexPJ7,44
This Is Katy Perry,37i9dQZF1DX2jD2cAwnIit,59
Halftime Hits,37i9dQZF1DWWNQEmXRHxVe,79
Spotify Sessions - Rock,37i9dQZF1DX1WIbwSgRMO3,38
Spotify Sessions - Pop,37i9dQZF1DX3qk5khmafw8,44
Ultimate Pump Up,37i9dQZF1DWXTcPFeNCMUP,25
Grass Roots,37i9dQZF1DXa2HpTqP3clz,100
Rainy Day,37i9dQZF1DXbvABJXBIyiY,40
Dark & Stormy,37i9dQZF1DX2pSTOxoPbx9,50
Mother's Day Love,37i9dQZF1DWSoTL04mwiZp,51
Kanye To The,6Sz7KT9MhChZuAJDKEWiLF,40
Found Them First,3sJ6SlgRo56Oa7YhHcLK5l,20
AMA Winners 2014,37i9dQZF1DX3JLmmala1kX,16
New Year's 2015,2FjbiwWYHqEifO3VY5LYP8,41
Mustard On The Beats,37i9dQZF1DX3HHskiFSgKu,16
A Bite Out Of The Afternoon,3uDgik1xOhjYVsXucW7GEb,23
Girls Night Out,1Bxi8UJlVM7tLYDMOqsYYF,48
Power Hour,7wiCMbRM2F6PQYGLwnJ7GJ,38
Let Loose,3Nh594yQ7PkhEPzUUAKlnH,65
Foam Party,3L1KIXcFcHhfeMlf7pD7IB,67
An Epic Evening,6wz9sFJRqsmu7ldv0xJOIz,25
Falling In Love,08vPKM3pmoyF6crB2EtASQ,33
Graduation Songs 2020,37i9dQZF1DXdfjr8o5AMIT,85
Sexy as Folk,37i9dQZF1DX1BGjF5N5O7F,48
Real and True,37i9dQZF1DWTHNhOtzzDEc,133
Everyday Inspiration,37i9dQZF1DXbQ1kpdsa9FU,100
Early Morning Rise,68oeNrImf1nxjL0RbpZkij,27
Ill Lyricist,37i9dQZF1DX58UlVHNJFai,84
Clinically Cold,37i9dQZF1DWYfVy6zzMSPv,57
Backstage,5qVqzAenJiKLfRny06XQf0,100
Bullet for Hell,1RKtKRcejWjN6ZOkghImIV,20
A Sudden Rainstorm,37i9dQZF1DX9NmDLwNQnXE,87
Grime Shutdown,37i9dQZF1DWSOkubnsDCSS,73
Valentine's Day Love Notes,37i9dQZF1DWVTbhS8F9zAN,29
Grand Hustle Gang Spotify Picks,4C0S1zvtcMtk2notLxCL1J,41
MMG Spotify Picks,2nZndNnauO6SID8cjf4C9F,40
Shady Records Spotify Picks,3hR94iGaotWbCFv5eDe0gZ,41
Taylor Gang Spotify Picks,5VvCwhF9WqXKUaJLtJfeXn,28
Avant-Jazz,37i9dQZF1DX3rTk9UUrbYS,50
Electro Swing,37i9dQZF1DX3bH0P2uDnWA,106
Acid Jazz,37i9dQZF1DWXHghfFFOaS6,51
Swing Revival,37i9dQZF1DWYotlhbgVGaH,32
Best of Bebop,37i9dQZF1DX6KyCRJzZneq,45
Brit Blues,37i9dQZF1DWWtGE7PB0aRR,45
Delta Blues,37i9dQZF1DWSTHVqvNCwNq,45
Chicago Blues,37i9dQZF1DX4rGCw5bMNp1,50
Jump Blues,37i9dQZF1DX7nt6DdNdydo,40
Lone Star Blues,37i9dQZF1DXeaMD6NdSui3,50
Blue Ballads,37i9dQZF1DXdeoRwG5yUKg,68
Live & Loud,37i9dQZF1DWT1RLff7HxDm,60
Country Drive,37i9dQZF1DXdfhOsjRMISB,150
Soul Food,37i9dQZF1DXd9dy0tcoQft,50
Blue Ride,37i9dQZF1DWWV61udnjooo,20
Hours of Ours,54LbSpjd64NjKPUyYAGkNU,23
Muted Jazz,37i9dQZF1DX0ZgPbUQ205W,55
Nu-Smooth,37i9dQZF1DWTEbYi1zYy0Z,55
'Round Midnight,37i9dQZF1DWVs0HkSq6JzH,22
"Beer, Bars & Beyond",37i9dQZF1DXdZp8JqM48aW,25
Indigo,37i9dQZF1DWUgBy0IJPlHq,91
Heartland Country,37i9dQZF1DX5iKSDtVcf7Q,100
Country Sunrise,37i9dQZF1DXbKN9MxFEDbp,28
Southern Breakfast,37i9dQZF1DX0JrJGmZFphT,21
Walk a Country Mile,4p3lupatTubTWpTgCZjgpk,20
Honeysuckle Lazy,6tLfPD2P9syvBV8rgO2Yq1,20
On to Something Good,3FfBohQXFlgFnYubzrvoq4,20
Hometown Holiday,37i9dQZF1DXbelAjoiEn9f,30
Tailgate Party,37i9dQZF1DXdgnLr18vPvu,116
Country Christmas,37i9dQZF1DX0MuOvUqmxDz,61
Acoustic Blues,37i9dQZF1DX2iUghHXGIjj,81
Acoustic Concentration,37i9dQZF1DXcLDm348RRYK,59
All Funked Up,37i9dQZF1DX4WgZiuR77Ef,81
Back to the Roots,1S4JPQeJxtsN37X8as5EPk,49
Backyard Wedding,37i9dQZF1DX4YLk1hHv7S9,31
Big Band,37i9dQZF1DX6G7arXBXa3A,50
Beer 'n Burgers,7CHrwiytyubNpnaZqyyUkb,21
Bossa Nova,4LmOnbOmtMUyQQjo6L9mct,41
Bottoms Up,37i9dQZF1DX0N8QTiMHLoT,63
Coffee Table Jazz,37i9dQZF1DWVqfgj8NZEp1,133
Gypsy Swing,37i9dQZF1DXdDe8IDhRIo5,43
Nu-Blue,37i9dQZF1DXb3MZdETGqKB,71
From a Smokey Bar ,37i9dQZF1DWTlzJXLRpd4a,47
Funky Heavy Bluesy,37i9dQZF1DX9stbPFTxeaB,62
Hard Rock,37i9dQZF1DX1X7WV84927n,115
Classic Rock Drive,37i9dQZF1DXdOEFt9ZX0dh,150
Blues Origins,37i9dQZF1DXbkKnGZHv1kf,50
Instrumental Funk,37i9dQZF1DX8f5qTGj8FYl,80
Jazz for Autumn,37i9dQZF1DX7UE7qrnkvsf,126
Jazzy Dinner,37i9dQZF1DWTALrdBtcXjw,58
Jazzy Romance,37i9dQZF1DWTbzY5gOVvKd,60
Jazztronica,37i9dQZF1DX55dNU0PWnO5,73
King of Pop,653U7cDBXXkPZ07Xk8kxL6,27
Legendary Guitar Solos,37i9dQZF1DWSlJG7YPUBHF,30
Rise of the Underdog,37i9dQZF1DX0IbLOJtWiun,20
Sax and the City,37i9dQZF1DWYgA6FKKHSd6,117
In the Name of the Blues,37i9dQZF1DXcnkReojaCnV,102
String Theory,37i9dQZF1DX5Lf3LZ6Czqu,46
The Jazz Escape,7hjaw2oDqkMS2uDk5vmzAu,50
Workday - Country,6MtNKlWguIlTJ6Q7WAcDtU,181
Workday - Singer-songwriter,3TurM2x1HaeNEztqBnomV6,123
’80s Hard Rock,37i9dQZF1DX68H8ZujdnN7,104
Tunigo Live,5rqcJUB5ox8BK3L3Ki7gfF,12
United Kingdom Top 50,37i9dQZEVXbLnolsZ8PSNw,50
Denmark Top 50,37i9dQZEVXbL3J0k32lWnN,50
Spain Top 50,37i9dQZEVXbNFJfN1Vw8d9,50
Finland Top 50,37i9dQZEVXbMxcczTSoGwZ,50
France Top 50,37i9dQZEVXbIPWwFssbupI,50
Netherlands Top 50,37i9dQZEVXbKCF6dqVpDkS,50
Norway Top 50,37i9dQZEVXbJvfa0Yxg7E7,50
Sweden Top 50,37i9dQZEVXbLoATJ81JYXz,50
United States Top 50,37i9dQZEVXbLRQDuF5jeBp,50
Austria Top 50,37i9dQZEVXbKNHh6NIXu36,50
Switzerland Top 50,37i9dQZEVXbJiyhoAPEfMK,50
Belgium Top 50,37i9dQZEVXbJNSeeHswcKB,50
Germany Top 50,37i9dQZEVXbJiZcmkrIHGU,50
New Zealand Top 50,37i9dQZEVXbM8SIrkERIYl,50
Australia Top 50,37i9dQZEVXbJPcfkRz0wJ0,50
Ireland Top 50,37i9dQZEVXbKM896FDX8L1,50
Luxembourg Top 50,37i9dQZEVXbKGcyg6TFGx6,50
Italy Top 50,37i9dQZEVXbIQnj7RRhdSX,50
Poland Top 50,37i9dQZEVXbN6itCcaL3Tt,50
Portugal Top 50,37i9dQZEVXbKyJS56d1pgi,50
Hong Kong Top 50,37i9dQZEVXbLwpL8TjsxOG,50
Malaysia Top 50,37i9dQZEVXbJlfUljuZExa,50
Singapore Top 50,37i9dQZEVXbK4gjvS1FjPY,50
Estonia Top 50,37i9dQZEVXbLesry2Qw2xS,50
Iceland Top 50,37i9dQZEVXbKMzVsSGQ49S,50
Lithuania Top 50,37i9dQZEVXbMx56Rdq5lwc,50
Latvia Top 50,37i9dQZEVXbJWuzDrTxbKS,50
Mexico Top 50,37i9dQZEVXbO3qyFxbkOE1,50
Top Picks Toplists,4lCv0oN3gPxoqvXmA3cDjS,20
Top Picks Pop,3xGWOQUB6jgHd4PLVQvbfG,20
Top Picks Decades,0q2dbyUyAuUkW3ec6XRwJD,20
Top Picks Workout,45mRKVQrL1pK9tbRp25yro,20
Top Picks Mood,1EQVvrXxgoWdqUHni1LOgm,20
Top Picks Kids,4ruhrP9ntTdDMpjrk22v9u,20
Top Picks Classical,3jh9R9uXIoozPA0uccJt2C,20
Top Picks Pop Culture,5QZZbWjNVjynssxTuO3f0f,20
Top Picks Party,2WIkzIBRwM9wRD9innJ8b7,20
Top Picks Chill,2b5yd7Ox7vb4OcPOOVYwFZ,20
Top Picks Urban,6spPs4oxQEPSWXyXzqg8CR,20
Top Picks Club,285xVjuyHG2CusStdc8kCS,20
Top Picks Country,7hx7ugiU2MaeXOjQRVDzdk,20
Top Picks Events,2Mecjd64RGHE4vLDMuX88V,20
Top Picks Groove,38ZGEwSsiHoOEOu446h75W,20
Top Picks Rock,5QOzTki17fEWKoUVcvTrI2,20
Top Picks Romance,4tSzT9BRuf3qRJDbPz4SlS,21
Top Picks Jazz and Blues,5LrQkRUFFuKWAJCECd2X9y,20
Top Picks Travel,4NAi06Izmj4CPqmMuY1RsE,20
Top Picks holiday,4uLnCAHJw65SyFXXmBSuc0,20
Off The Strength,37i9dQZF1DXaxIqwkEGFEh,100
Scenic Drive,37i9dQZF1DX1adpUbAHocs,100
Peace,37i9dQZF1DXdCsscAsbRNz,238
Sleep,37i9dQZF1DWZd79rJ6a7lp,270
Christmas Peaceful Piano,37i9dQZF1DXbPHTEEyQ6Hv,86
A Soft Piano Christmas,7J8HlMdOq82WJAU6JmhR5d,71
Piano in the Background,37i9dQZF1DX7K31D69s4M1,333
It's Hits Sweden,37i9dQZF1DWTMYgB8TqtmR,50
Main Stage,37i9dQZF1DX7ZUug1ANKRP,50
Det blir kaoz!,37i9dQZF1DX0sQWfevMRw3,80
Feel Good Dinner,37i9dQZF1DXbm6HfkbMtFZ,115
Truly Deeply House,37i9dQZF1DX5xiztvBdlUf,80
Girls' Night,37i9dQZF1DX0Uv9tZ47pWo,80
Summer House!,37i9dQZF1DX05r4Oy3Ln97,60
An Elegant Affair,37i9dQZF1DWVf1Phr4ZVgO,80
Soulful Disco,37i9dQZF1DXcAiMO5AYxE8,76
The Most Romantic Songs in the World,37i9dQZF1DWXb9I5xoXLjp,56
50 Songs Unplugged,37i9dQZF1DX64zDfGvlEtl,50
50 Great Female Voices,37i9dQZF1DX9loJQLuEvap,50
Soul Classics 1970–1975,37i9dQZF1DWULEW2RfoSCi,40
"12"" Classics",37i9dQZF1DXbNxO0uJPyJ9,80
After-Ski Classics,37i9dQZF1DX0nBLMN0XzSQ,80
After Work,37i9dQZF1DWSKtEVXBdAHi,80
Autumn Leaves,37i9dQZF1DX62qCiGEp1YH,100
Autumn Lounge,37i9dQZF1DWTSPqolnbHgK,134
Best Tracks from Tarantino Films,37i9dQZF1DX3b9hbbPi5hD,45
"Britpop, Etc.",37i9dQZF1DXaVgr4Tx5kRF,50
Broken Heart,37i9dQZF1DXbrUpGvoi3TS,100
Classical Sleep,37i9dQZF1DX8Sz1gsYZdwj,72
Classic Road Trip Songs,37i9dQZF1DX9wC1KY45plY,100
A Long Christmas Day,37i9dQZF1DX0bspKxj0UKT,81
Dinner Lounge,37i9dQZF1DX6kz6Kli3wib,71
Chill Out Music,37i9dQZF1DX32oVqaQE8BM,100
Comfort Zone,37i9dQZF1DWYWddJiPzbvb,100
Cool Down,37i9dQZF1DWUI1rlvkdQnb,167
Dinner with Friends,37i9dQZF1DX4xuWVBs4FgJ,100
Downtempo Beats,37i9dQZF1DWWQp0YMTvpD3,72
Hot Acoustics,37i9dQZF1DWY8U6Zq7nvbE,100
Focus Piano,37i9dQZF1DWZIOAPKUdaKS,164
Alone Again,37i9dQZF1DWX83CujKHHOn,50
Halloween Teens,37i9dQZF1DX9nq0BqAtM4H,35
Hangover Friendly,37i9dQZF1DWUGsgkESc7qP,100
Winter is coming,37i9dQZF1DXd7ukl5yRLE3,39
In the Arms of a Woman,37i9dQZF1DWTtOKhkK5Mem,100
Instrumental Study,37i9dQZF1DX9sIqqvKsjG8,280
Svensk jazz,37i9dQZF1DX4roJ565TJ33,55
Keep Calm,37i9dQZF1DX5Ufz5ldo0J4,205
Kitchen Swagger,37i9dQZF1DX2FsCLsHeMrM,100
Laidback Acoustic,37i9dQZF1DXc3FQfFV3K6V,118
Late Night Jazz,37i9dQZF1DX4wta20PHgwo,70
Lazy Chill Afternoon,37i9dQZF1DXdL58DnQ4ZqM,100
Life Sucks,37i9dQZF1DX3YSRoSdA634,100
Love In Paris,37i9dQZF1DX5SrscLLafXx,40
Lounge - Soft House,37i9dQZF1DX82pCGH5USnM,93
Summer Throwback,37i9dQZF1DXd1MXcE8WTXq,80
Meditate to the Sounds of Nature,37i9dQZF1DX1tuUiirhaT3,131
Motivation Mix,37i9dQZF1DXdxcBWuJkbcy,100
Love Ballads,37i9dQZF1DWYMvTygsLWlG,100
Music for a Workday,37i9dQZF1DXcsT4WKI8W8r,145
Fest!,37i9dQZF1DWVcV87ePAqAq,100
Pepplåtar till träningspasset,37i9dQZF1DX7CB1M7sBt21,80
Perfect Concentration,37i9dQZF1DWSluGMsH1R9r,158
Pop Right Now,37i9dQZF1DWVlLVXKTOAYa,100
Powerwalk!,37i9dQZF1DX9BXb6GsGCLl,80
Psychedelic Rock,37i9dQZF1DWSDoVybeQisg,50
Pure Rock & Roll,37i9dQZF1DWWRktbhJiuqL,100
Running to Rock 170-190 BPM,37i9dQZF1DWZUTt0fNaCPB,75
Peaceful Guitar,37i9dQZF1DX0jgyAiPl8Af,160
Smooth Morning,37i9dQZF1DX6FpuSJJgdDF,100
Sleep Tight,37i9dQZF1DWSUFOo47GEsI,164
Songs to Sing in the Shower,37i9dQZF1DWSqmBTGDYngZ,100
SPA Treatment,37i9dQZF1DX4Q2SnB3glnP,204
Spooning,37i9dQZF1DXawcx4otNoU1,100
Sunday Stroll,37i9dQZF1DWSSBwgXMlrMk,100
Svenska sommarklassiker,37i9dQZF1DX0ZFVMeJPr1Z,65
Svensk punk,37i9dQZF1DX4IkJGKNp9lO,65
Pluggfokus,37i9dQZF1DX6DtDmlyZ4X7,158
The Bachelor Party,37i9dQZF1DX2pto11EMGQc,80
The Black Power Mixtape 1967–1975,37i9dQZF1DX94QVAxB7Dum,70
The New Waltz,37i9dQZF1DWZel4xa7wX1s,60
Throwback Party,37i9dQZF1DX7F6T2n2fegs,100
Träning,37i9dQZF1DX4TXm6C4J2mM,95
Ultimate Halloween,37i9dQZF1DXarlH9zHuV0v,60
Weekend Hangouts,37i9dQZF1DXdsy92d7BLpC,150
Workday Lounge,37i9dQZF1DWT5lkChsPmpy,109
Workday: Rock Classics,37i9dQZF1DX1lwxXvReaux,97
Workday Soul,37i9dQZF1DX4GMJS146m00,146
Women of Sweden,2EaYMuzaVSdPjJOqg77E2E,100
Wake Up Happy,37i9dQZF1DX0UrRvztWcAU,100
Kvinnor att ha koll på 2014,1m6DKwKNM1YLcm3OX6RzJg,63
Made in Sweden,37i9dQZF1DX0ekBHz1NmKS,80
Happy Hits!,37i9dQZF1DXdPec7aLTmlC,100
100,37i9dQZF1DWXfgo3OOonqa,75
The PMS Playlist,37i9dQZF1DWSEMER0I7qzl,25
Svensk Reggae,37i9dQZF1DX4OF8aCFCpJb,50
Spela Shoreline!,37i9dQZF1DX3IN93M08EFq,45
Schlagerfest,37i9dQZF1DWYgwF78otcGY,52
An Instrumental Sunday,37i9dQZF1DX9XdJRfSK6a0,45
One-Hit Wonders,37i9dQZF1DX0Ew6u9sRtTY,50
38 Great Female Duets,1xAmEtLT8c17IisGUa1f4M,38
Best of Boybands and Girl Groups,7oTMBMLu6EI4l163C9fkhg,41
Loud & Proud,37i9dQZF1DXdMgrfZfBDFy,47
Eurovision Party,37i9dQZF1DX6BCd5Q12fpZ,40
Beach Party,37i9dQZF1DX4Y4RhrZqHhr,80
Johnossi,5MkJ5KSzz4wmCpIFvM6pFT,10
Håkan Hellström,2CTBt2glXb1wEzUa6wCbWU,10
Rodriguez,52JrW4dL2mDe1Dneq0vH1I,10
Of Monsters and Men,4pL8YJw0ts5YcpxEgl1LiL,10
Alicia Keys,3zxOlGe8vWwQA8eLRXBqTY,10
Daniel Adams-Ray,6c51ZkUk7wO3Icy2sW3jvA,10
Kendrick Lamar,4lwqQxljF1Rge3X4eMzdza,10
Disclosure,5grxWts6M4gvPZFrWSNOBl,10
Miguel,67zOV0qxT0TT8JEHZDCBDd,10
Soulful Christmas,37i9dQZF1DX4ELVW61Sklr,64
Soul Coffee,37i9dQZF1DXaXDsfv6nvZ5,50
This Is Michael Jackson,37i9dQZF1DXaTIN6XNquoW,65
"Young, Wild & Free",37i9dQZF1DX843Qf4lrFtZ,100
Welcome Home,0LqjAibgbS9ep32zZrDcAN,70
Amplify: Seventeen Takeover,37i9dQZF1DWU8quswnFt3c,29
Happy Birthday,37i9dQZF1DWYtQSOiZF6hj,30
Kids B-day Party,6PzNMpCPMDMo1pOUjNhDUC,45
Walk The Dog,2mADaSxlIcxRDSG9e9vLlh,35
Tagga För OS,0uZg7go8TKu5hpv1L6CJ4y,51
70s Road Trip,37i9dQZF1DWWiDhnQ2IIru,100
Annorlunda Kärlekslåtar,1cddSHoeIrE3m0i8TqYNbn,75
Fuck Valentine!,5Dn14a8hNIhT3NLLjUUBGL,74
Valentine anger,1apRF10Iufr0NBBiF1u7E5,38
Det är så tråkigt och trist utan dig,7qeSmszUjRBWOwHzlxfEXt,26
Inget är större än KÄRLEKEN,2PMlGn5a2jxukdhCYQyQvG,23
Folk & Rock 200 favoriter,3cC0Hnr7idCemR4JxOh2lI,200
The Critics Choice 2012,24HEIuw8etbkitpDCxZ1dQ,61
EM Fotboll 2012,0NYlvGXveeyvhb5G80LPtA,33
Way Out West 2013,2IBmQa3jJULanJldYav1jW,18
Sweden Rock 2013,3PNltrHQaYdqO0FdTAZ3wB,60
Metaltown 2013,7LxjY6mdINPgSVhILU2nk6,22
Hultsfred 2013,0pTJgTL7GIhxto5z35Rfwu,39
Putte i Parken 2013,3JqYduMX06DjhsJRBG4kN5,11
Getaway Rock 2013,4ftQXs8PU4QMqPLMaJG7QT,29
Bråvalla Festival 2013,74Wbo0ObpdSDnCIGvEDHOk,41
Peace & Love 2013,5Q9dGaDLzwijaWkI4yFfSk,45
Sonisphere,2fC7gpl3V9MmCc8gBPHc66,851
Gainsville Stockholm 2012,6ClBNzH2PMh2jvkEuSFBFJ,10
Ystad Sweden Jazzfestival 2012,0DH66SG2vZ7dIocTxxA5q9,32
Storsjöyran 2012,2XQnLAZo27gz7VGRBl34l9,61
Emmaboda 2012,4muFXNJjmJvLWdHmx0PKYO,48
Stockholm Music & Arts 2012,6lrsZHHFL65pjpDcjv6sFi,32
Popaganda 2012,0mJut6QO3dUUAOJlBPujT1,22
Metaltown 2012,6cSO5pHOCQxoEiXYDPa3Uq,45
Urkult 2012,7b1rMSnmiYfj8nH8spIjxF,18
Sweden Rock Festival 2012,2xxkK8eaOyM6JRhHOheZBZ,75
Hultsfred 2012,26yS4HN010lrCBBlCbjF2b,93
Putte i parken 2012,5eRHTcvWyEU0MEzNOiR2j1,79
Getaway Rock 2012,4mM7tVGeVv4dOFPTlftofk,71
Peace & Love 2012,7DcfXNVB5WpzYwCkqBaVDx,159
Sveriges Nationaldag,33eWAE7F4bBUAjGtJVtCYB,41
Dans runt stången,37i9dQZF1DWX6s7PHJnk94,25
New year's eve by Icona Pop,3ukqAcaahACMyRzpkwHXew,16
New Year's Dance Floor,37i9dQZF1DX1ZrmwZWFpDG,38
Swing in the New Year,5zyeLrOc31CPX7uk9xNL7y,20
Alternative New Year's Eve,214Nwj78JwTfjSeQxbGxeX,28
Cinco de Mayo at Home,37i9dQZF1DWW6FKfbzAFjW,64
Love Pop,37i9dQZF1DX50QitC6Oqtn,100
88 Keys,37i9dQZF1DX561TxkFttR4,99
Raw Expression,3yUO32lGCEnAfFGORSEsy4,42
Sunshine Reggae,37i9dQZF1DXbwoaqxaoAVr,60
Morning Rhythm,37i9dQZF1DX3ohNxI5tB79,70
Next Wave Neo-Soul,37i9dQZF1DX44dZ4p5QLf4,80
I Love My Neo-Soul,37i9dQZF1DX8MbMfAHb8U0,80
The Midnight Hour,37i9dQZF1DXea80XwOJRgD,50
Soultronic,37i9dQZF1DXdc0DUqaW3MZ,70
The Cook(in),37i9dQZF1DXab8DipvnuNU,60
Intervju med Seinabo Sey,2k9EArKbf7N3QUmuNJHSo8,3
The official Bråvalla Festival playlist 2017,5sk53m6HgZorO1RDUkaiIZ,159
International Playboy,73boXMJz9iBoXxQVFZ94r5,23
National Blood Week,2y74Ha0ztRUcIYmqITh0D4,25
Most Listened To British Dads on Spotify,1k9jG0FUp7BcrAF1MZSabO,20
Viral Hits,37i9dQZF1DX2L0iB23Enbq,97
Essential Folk,37i9dQZF1DWVmps5U8gHNv,97
Women of Pop,37i9dQZF1DX3WvGXE8FqYX,70
dw-c,5ji4GZJpll6twskFvKxiHx,50
dw_g,40VxbK9NqccdUDUpiUXmbp,30
Top Shower Songs,0RTz1jFo5BXGPfI8eVf8sj,100
foodora dinner playlist,4lgseztVwmKQ8MNETPVIny,25
